plate_texts,file_name
ZG1382AB,10PlateBaza275.xml
ZG8894AB,10PlateBaza299.xml
5544T117,10xemay112.xml
59999L214,10xemay1217.xml
59Y117322,10xemay1270.xml
54V81990,10xemay1329.xml
59A330651,10xemay1332.xml
63F68411,10xemay1390.xml
60F111465,10xemay1457.xml
52S22483,10xemay1470.xml
59X169592,10xemay1510.xml
29D163516,10xemay1560.xml
45Y88280,10xemay1572.xml
51Z74335,10xemay1586.xml
59TA00329,10xemay1596.xml
59U132265,10xemay1825.xml
79T26658,10xemay187.xml
55F114927,10xemay2052.xml
59N174486,10xemay2157.xml
70B115532,10xemay2192.xml
55999T173,10xemay2215.xml
5444K817,10xemay2271.xml
59M112704,10xemay272.xml
5999C2001,10xemay330.xml
5599B1324,10xemay398.xml
72C111125,10xemay45.xml
599K10003,10xemay47.xml
511K6392,10xemay581.xml
559T13806,10xemay593.xml
78N22503,10xemay799.xml
599X22470,10xemay839.xml
444L10569,10xemay921.xml
55554S20,10xemay990.xml
51G29034,11CarLongPlate40.xml
51F44461,11CarLongPlate587.xml
72S14860,11CarLongPlate84.xml
77111B994,11xemay1003.xml
599X25718,11xemay1015.xml
51K38796,11xemay1172.xml
59F113220,11xemay1197.xml
544F1673,11xemay1324.xml
6000B8115,11xemay137.xml
51U74598,11xemay1498.xml
82B119978,11xemay1553.xml
59S218049,11xemay308.xml
60B736638,11xemay317.xml
59C116274,11xemay64.xml
59H116779,11xemay679.xml
76G111649,11xemay702.xml
59P166480,12xemay0.xml
59F166854,12xemay1034.xml
52L26661,12xemay106.xml
771C23009,12xemay1090.xml
59X113287,12xemay1133.xml
74K15866,12xemay1142.xml
7777L1332,12xemay115.xml
5H122933,12xemay1166.xml
52U83666,12xemay1225.xml
866C11072,12xemay1241.xml
59Y167452,12xemay1259.xml
599X15447,12xemay130.xml
722C15693,12xemay1302.xml
59T122043,12xemay1326.xml
60R61172,12xemay1338.xml
55P10009,12xemay1442.xml
59P166480,12xemay1499.xml
59F111846,12xemay1506.xml
52U40005,12xemay1521.xml
5599E1428,12xemay1605.xml
55599S142,12xemay1612.xml
544Y9991,12xemay1648.xml
59D206973,12xemay1692.xml
555999H16,12xemay179.xml
66P15739,12xemay194.xml
377M11098,12xemay25.xml
59L220084,12xemay251.xml
5599T1687,12xemay389.xml
666P1597,12xemay404.xml
559M11604,12xemay408.xml
544L9876,12xemay414.xml
5999C1136,12xemay424.xml
49K100732,12xemay484.xml
59Y164831,12xemay488.xml
55999T173,12xemay526.xml
59F100355,12xemay560.xml
59S174203,12xemay594.xml
60B236611,12xemay601.xml
59K144380,12xemay638.xml
59S118834,12xemay703.xml
5999F1162,12xemay737.xml
559N11042,12xemay746.xml
70B113268,12xemay818.xml
59V245506,12xemay847.xml
59C224663,12xemay873.xml
59F136654,12xemay894.xml
667B11884,12xemay91.xml
59S216555,12xemay95.xml
59P188847,12xemay965.xml
771B02999,12xemay970.xml
52Z8327,12xemay976.xml
5544463S,12xemay989.xml
59T116675,12xemay994.xml
599M10028,13xemay1007.xml
59L167824,13xemay1086.xml
59G111267,13xemay1168.xml
5444F078,13xemay1263.xml
688N11107,13xemay1343.xml
599L17763,13xemay155.xml
559F11208,13xemay156.xml
993P17786,13xemay1629.xml
5599T1008,13xemay1722.xml
6600B2283,13xemay282.xml
599F11346,13xemay313.xml
449B11082,13xemay359.xml
54T16084,13xemay405.xml
49K100732,13xemay489.xml
59T164417,13xemay494.xml
51P55478,13xemay523.xml
92D142705,13xemay571.xml
59H140639,13xemay592.xml
7111B2225,13xemay683.xml
59B113489,13xemay716.xml
60B111933,13xemay732.xml
5599FA001,13xemay757.xml
59VA00843,13xemay877.xml
59H154792,13xemay900.xml
52F73840,13xemay920.xml
777C12269,13xemay941.xml
51FB4779,15xemay1863.xml
ZG505CE,1PlateBaza477.xml
ZG885PK,1PlateBaza480.xml
ZG5670I,1PlateBaza483.xml
ZG911CK,1PlateBaza485.xml
VU279AE,1PlateBaza487.xml
ZG567EF,1PlateBaza493.xml
KR531CC,1PlateBaza494.xml
ZG17844J,1PlateBaza499.xml
FFU1004,1PlateBaza502.xml
KA365CP,1PlateBaza507.xml
VU253H,1PlateBaza508.xml
59M146204,1xemay1035.xml
67B169660,1xemay1037.xml
54U39055,1xemay1043.xml
59S221969,1xemay1045.xml
59V234815,1xemay1064.xml
59V244588,1xemay1088.xml
54N46324,1xemay1092.xml
59D167393,1xemay1094.xml
16F26303,1xemay1095.xml
54L51899,1xemay1115.xml
54L18811,1xemay1125.xml
59K184015,1xemay1147.xml
51R42488,1xemay1179.xml
51K21103,1xemay1196.xml
54K34770,1xemay1236.xml
59P220770,1xemay1243.xml
59U172979,1xemay1249.xml
59M160886,1xemay1276.xml
54F39952,1xemay1280.xml
66N110547,1xemay1289.xml
59P126989,1xemay1303.xml
86B227765,1xemay1322.xml
63H54588,1xemay1325.xml
59P203165,1xemay1337.xml
59X124340,1xemay1358.xml
59S231606,1xemay1360.xml
59M197580,1xemay1364.xml
54T52159,1xemay1366.xml
64C104262,1xemay1404.xml
59D165455,1xemay1421.xml
33M73521,1xemay1423.xml
47K29950,1xemay1453.xml
59V224614,1xemay1454.xml
59G196577,1xemay1458.xml
71S39276,1xemay1500.xml
51H32153,1xemay1519.xml
78K100677,1xemay1520.xml
54L55031,1xemay1524.xml
54P48871,1xemay1541.xml
59T100381,1xemay1542.xml
59S208418,1xemay1543.xml
59H146828,1xemay1544.xml
59D100444,1xemay1545.xml
75H28428,1xemay1566.xml
66L126685,1xemay1599.xml
59B129117,1xemay1611.xml
59F159997,1xemay1620.xml
59D185619,1xemay1635.xml
52M90589,1xemay1649.xml
59P213159,1xemay1671.xml
59L160778,1xemay1681.xml
59U184900,1xemay1690.xml
64K104343,1xemay1709.xml
54S92073,1xemay1715.xml
66S112239,1xemay1716.xml
91B131345,1xemay1732.xml
59H154986,1xemay1752.xml
77L137372,1xemay1759.xml
59S235205,1xemay1766.xml
86B319858,1xemay1768.xml
59K140650,1xemay1787.xml
59L177693,1xemay1803.xml
59U125418,1xemay1809.xml
59C165331,1xemay1818.xml
75K30899,1xemay1835.xml
79T26658,1xemay1838.xml
37M107918,1xemay1840.xml
59P229729,1xemay1861.xml
60FP1469,1xemay1865.xml
60X46482,1xemay1907.xml
84K51618,1xemay1913.xml
59T192270,1xemay1917.xml
59E103640,1xemay1921.xml
53Y97976,1xemay1943.xml
63B222794,1xemay1960.xml
54L39902,1xemay1965.xml
60B736638,1xemay1983.xml
59F123865,1xemay2070.xml
59S138731,1xemay2110.xml
81B126810,1xemay2129.xml
59T164831,1xemay2172.xml
51S25013,1xemay2195.xml
84G122593,1xemay2196.xml
59Y187304,1xemay2201.xml
54H15326,1xemay2216.xml
68H74213,1xemay2218.xml
59S135252,1xemay2223.xml
59N176654,1xemay2237.xml
51L34827,1xemay2248.xml
53K107625,1xemay2258.xml
59P115042,1xemay2268.xml
78E124113,1xemay2285.xml
51U83423,1xemay2316.xml
64D113241,1xemay233.xml
71S55600,1xemay2335.xml
79C122177,1xemay2343.xml
54S22148,1xemay2344.xml
59E153127,1xemay2359.xml
59T105297,1xemay2365.xml
59U170392,1xemay2373.xml
54P72138,1xemay2375.xml
51X91894,1xemay2378.xml
60B816455,1xemay238.xml
49B131215,1xemay2395.xml
6F150,1xemay2398.xml
54V38314,1xemay2434.xml
59E153127,1xemay2447.xml
36F42678,1xemay2449.xml
59F162919,1xemay2452.xml
59F168955,1xemay2468.xml
65F131532,1xemay2478.xml
59X268327,1xemay2481.xml
77C139373,1xemay278.xml
47N69618,1xemay291.xml
72E101515,1xemay319.xml
59D146288,1xemay322.xml
59E168973,1xemay327.xml
59S227831,1xemay328.xml
51L74255,1xemay339.xml
59M136452,1xemay356.xml
59N118063,1xemay358.xml
85B117851,1xemay362.xml
59S153418,1xemay374.xml
5T9162133,1xemay376.xml
60C123774,1xemay383.xml
59U145781,1xemay399.xml
34K23664,1xemay415.xml
62N132746,1xemay420.xml
54X26487,1xemay436.xml
59T179742,1xemay452.xml
59C113183,1xemay482.xml
72X18179,1xemay495.xml
59L144716,1xemay506.xml
63H27326,1xemay509.xml
72F135507,1xemay537.xml
81B126810,1xemay542.xml
59P211120,1xemay544.xml
59P200263,1xemay552.xml
59N173958,1xemay564.xml
59K102625,1xemay565.xml
59S228834,1xemay572.xml
59E156347,1xemay573.xml
59F115042,1xemay574.xml
59C153993,1xemay578.xml
86C133139,1xemay585.xml
59H154289,1xemay587.xml
51U83423,1xemay617.xml
59D143820,1xemay619.xml
59E129565,1xemay645.xml
59T105297,1xemay661.xml
59H167791,1xemay666.xml
54Z74300,1xemay667.xml
59C130923,1xemay677.xml
59Y171364,1xemay682.xml
54P72138,1xemay693.xml
83C117111,1xemay718.xml
62S35031,1xemay723.xml
54L42443,1xemay729.xml
59C249200,1xemay740.xml
59H104425,1xemay745.xml
70B132168,1xemay756.xml
52S24832,1xemay761.xml
60Z77813,1xemay763.xml
59F131316,1xemay776.xml
54Y99149,1xemay779.xml
54P76117,1xemay785.xml
59Y191982,1xemay791.xml
51P98308,1xemay793.xml
95E117763,1xemay807.xml
51L38385,1xemay808.xml
54P81515,1xemay831.xml
63S20246,1xemay837.xml
52T56177,1xemay879.xml
59L214999,1xemay907.xml
59U178039,1xemay915.xml
75F102991,1xemay930.xml
DA545AI,2PlateBaza101.xml
SI569AD,2PlateBaza104.xml
RI545IC,2PlateBaza110.xml
BJ818CN,2PlateBaza116.xml
ZG9130AG,2PlateBaza118.xml
RI0205MC,2PlateBaza119.xml
489T051,2PlateBaza126.xml
ZG7499AJ,2PlateBaza127.xml
ZG3227N,2PlateBaza128.xml
ZG877TF,2PlateBaza13.xml
BKF196,2PlateBaza133.xml
KZ422S,2PlateBaza135.xml
ZG4154AC,2PlateBaza138.xml
KR691CI,2PlateBaza143.xml
812T475,2PlateBaza144.xml
VU318AK,2PlateBaza155.xml
KAAC1689,2PlateBaza166.xml
ZG9572J,2PlateBaza168.xml
ZG5715AK,2PlateBaza17.xml
ZD125AM,2PlateBaza171.xml
KT451AN,2PlateBaza172.xml
ZG4269AC,2PlateBaza18.xml
042K729,2PlateBaza186.xml
MA398AG,2PlateBaza19.xml
ZG6896ZG,2PlateBaza195.xml
ZH698703,2PlateBaza200.xml
ZG4256AI,2PlateBaza203.xml
ZG416PZ,2PlateBaza225.xml
ZG216TK,2PlateBaza230.xml
CK425AB,2PlateBaza236.xml
ZG4309AG,2PlateBaza239.xml
ZG8524AF,2PlateBaza242.xml
ZG2751B,2PlateBaza246.xml
VZ539AP,2PlateBaza247.xml
LJT731F,2PlateBaza249.xml
ZG624K,2PlateBaza252.xml
G22SKD,2PlateBaza256.xml
ZG3083J,2PlateBaza266.xml
ZG848KT,2PlateBaza272.xml
ZG354CU,2PlateBaza274.xml
BK8559,2PlateBaza279.xml
ZG906IS,2PlateBaza280.xml
AASH938,2PlateBaza284.xml
G88LFB,2PlateBaza286.xml
IM660P,2PlateBaza287.xml
ZG4499AD,2PlateBaza288.xml
ZG1778B,2PlateBaza289.xml
ZG518JS,2PlateBaza290.xml
ZG8557AA,2PlateBaza292.xml
ZG9158AK,2PlateBaza30.xml
ZG880TV,2PlateBaza303.xml
ZG9707K,2PlateBaza310.xml
NUEC860,2PlateBaza317.xml
317J939,2PlateBaza318.xml
ZG687NL,2PlateBaza320.xml
LJV544S,2PlateBaza323.xml
ZG727LI,2PlateBaza336.xml
SGD3164,2PlateBaza34.xml
ZG848IK,2PlateBaza348.xml
ZG155MC,2PlateBaza353.xml
ZG4040J,2PlateBaza357.xml
ZG3202AM,2PlateBaza360.xml
ZG094MM,2PlateBaza361.xml
SI582AM,2PlateBaza374.xml
ZG862NS,2PlateBaza378.xml
DU871CB,2PlateBaza389.xml
ZG969LN,2PlateBaza396.xml
PU742HV,2PlateBaza40.xml
LN608AC,2PlateBaza405.xml
ZG6983AG,2PlateBaza407.xml
ZG4240AC,2PlateBaza41.xml
ZG636TT,2PlateBaza450.xml
VT769E,2PlateBaza454.xml
SI334BM,2PlateBaza455.xml
ZGQ19FH,2PlateBaza473.xml
ZG385SZ,2PlateBaza476.xml
ZG568TM,2PlateBaza478.xml
ZG495ZR,2PlateBaza490.xml
DU166BF,2PlateBaza498.xml
ST317KJ,2PlateBaza501.xml
95C221008,2xemay1004.xml
800438G17,2xemay1005.xml
5M1584499,2xemay1017.xml
66667B109,2xemay1021.xml
59S236623,2xemay103.xml
59F138151,2xemay104.xml
59B173588,2xemay1098.xml
477D11186,2xemay1100.xml
599110335,2xemay1117.xml
59F138151,2xemay113.xml
5K332688,2xemay1135.xml
554639H10,2xemay1148.xml
555F91003,2xemay1156.xml
55P23999,2xemay1171.xml
555889V14,2xemay1188.xml
99115T22,2xemay1189.xml
5593611P2,2xemay1201.xml
88L441130,2xemay1203.xml
85D121869,2xemay124.xml
67B140833,2xemay1242.xml
44Y79635,2xemay1246.xml
5F329888,2xemay1248.xml
71S35011,2xemay125.xml
5T1429977,2xemay1253.xml
9V1123555,2xemay1266.xml
544P2913,2xemay1268.xml
7001K6359,2xemay1271.xml
55L14339,2xemay1290.xml
95570P63,2xemay1298.xml
59N209050,2xemay131.xml
558V99652,2xemay1342.xml
555S94227,2xemay1348.xml
59C222687,2xemay1365.xml
55551S97,2xemay1381.xml
4411527C9,2xemay1382.xml
554R3987,2xemay1387.xml
7444C1650,2xemay1416.xml
566P19893,2xemay1418.xml
76633K49,2xemay1419.xml
59E164239,2xemay142.xml
5547L2911,2xemay1432.xml
59P183257,2xemay144.xml
3233B299,2xemay1445.xml
59H119374,2xemay146.xml
59P133202,2xemay148.xml
59S131886,2xemay149.xml
5554U269,2xemay1515.xml
631295H3,2xemay1516.xml
59S128076,2xemay1552.xml
30F15674,2xemay1556.xml
5111R362,2xemay1563.xml
59947261U,2xemay1567.xml
43S63310,2xemay1569.xml
59C232477,2xemay1585.xml
59C143689,2xemay1606.xml
59D162787,2xemay162.xml
5997S1436,2xemay1638.xml
47B142872,2xemay164.xml
72111344F,2xemay1666.xml
J1111,2xemay1696.xml
59N138717,2xemay1698.xml
54S92073,2xemay1717.xml
59L106458,2xemay174.xml
59223S663,2xemay1746.xml
59663322S,2xemay1761.xml
59C289012,2xemay1764.xml
1117S305,2xemay1770.xml
555S2230,2xemay1778.xml
6B8571000,2xemay1783.xml
59S228008,2xemay1786.xml
52399E146,2xemay1789.xml
721206F13,2xemay1790.xml
5571P9238,2xemay1791.xml
52711F994,2xemay1792.xml
599780C13,2xemay1794.xml
55511H78,2xemay1800.xml
442067M7,2xemay1812.xml
599P17180,2xemay1822.xml
59U135226,2xemay183.xml
2201P9533,2xemay1832.xml
11B770085,2xemay1836.xml
600F91444,2xemay1837.xml
6D1111580,2xemay1839.xml
118942095,2xemay1857.xml
59P122033,2xemay1859.xml
5997C1444,2xemay1866.xml
4T556681,2xemay1868.xml
95T107229,2xemay1871.xml
0058223B6,2xemay1872.xml
U19918550,2xemay1873.xml
59013E921,2xemay1877.xml
113660C40,2xemay1878.xml
55H993610,2xemay1880.xml
U11156649,2xemay1883.xml
559V18723,2xemay1886.xml
59X110026,2xemay1888.xml
660148855,2xemay1895.xml
59F113860,2xemay19.xml
59924L277,2xemay1903.xml
7220F1147,2xemay1906.xml
294366V7,2xemay1908.xml
77002264,2xemay1909.xml
5814679X2,2xemay1912.xml
51698S49,2xemay1915.xml
3770H1189,2xemay1918.xml
9P5263311,2xemay1920.xml
599C22724,2xemay1924.xml
110L8552,2xemay1926.xml
5769FFFFF,2xemay1929.xml
511798D09,2xemay1932.xml
59M140172,2xemay1933.xml
5511U9977,2xemay1941.xml
95T145661,2xemay1942.xml
95Y608111,2xemay1945.xml
SA763700,2xemay1946.xml
0582Y311,2xemay1949.xml
549P19178,2xemay1950.xml
06B522238,2xemay1952.xml
5F302829,2xemay1966.xml
5999P1378,2xemay1969.xml
59608Y111,2xemay1980.xml
72F114702,2xemay1982.xml
95E114731,2xemay1985.xml
9973E1856,2xemay1994.xml
9P1118555,2xemay1997.xml
5441P128,2xemay2009.xml
85S18735,2xemay2010.xml
51L34663,2xemay2011.xml
599F16413,2xemay2013.xml
25F68734,2xemay2022.xml
6033323B7,2xemay2024.xml
594M12563,2xemay2026.xml
9580N1631,2xemay2028.xml
5557969N1,2xemay2029.xml
5112T433,2xemay2034.xml
5559910L1,2xemay2039.xml
5566671Y,2xemay2041.xml
59T112633,2xemay2048.xml
59M121704,2xemay2049.xml
59X256462,2xemay2057.xml
77C139373,2xemay2060.xml
59U145476,2xemay2061.xml
59T156987,2xemay2063.xml
70EA00557,2xemay2064.xml
54X95114,2xemay2068.xml
59C165331,2xemay2073.xml
59U145781,2xemay2075.xml
59H143986,2xemay2076.xml
59T101439,2xemay2079.xml
54T16084,2xemay2081.xml
79K78987,2xemay2082.xml
59L231395,2xemay2083.xml
59E168785,2xemay2086.xml
59V188114,2xemay2095.xml
81B161386,2xemay2099.xml
59M156378,2xemay2108.xml
59C144497,2xemay211.xml
59C148275,2xemay2112.xml
59P189267,2xemay2114.xml
71B217757,2xemay2116.xml
72K108989,2xemay2125.xml
59P224979,2xemay2130.xml
53R90844,2xemay2135.xml
59L194176,2xemay2137.xml
49F108660,2xemay2141.xml
59F145842,2xemay2144.xml
59D206428,2xemay2145.xml
49M71975,2xemay2146.xml
59N174939,2xemay2147.xml
68T90223,2xemay2148.xml
59X145128,2xemay2149.xml
50HB2282,2xemay2160.xml
59K190300,2xemay2162.xml
59E134192,2xemay2164.xml
59T184807,2xemay2165.xml
59C113183,2xemay2166.xml
49B120807,2xemay2170.xml
72X18179,2xemay2180.xml
60B562583,2xemay2183.xml
59T108264,2xemay2184.xml
94D104771,2xemay2187.xml
66K120670,2xemay2191.xml
59N147102,2xemay2194.xml
48B128807,2xemay2204.xml
72K125476,2xemay2208.xml
599E11203,2xemay221.xml
59P112875,2xemay2213.xml
59M160077,2xemay2219.xml
50N107428,2xemay2220.xml
55P62004,2xemay2221.xml
54R47039,2xemay2222.xml
64K47483,2xemay2225.xml
51V44579,2xemay2226.xml
54P72138,2xemay2228.xml
60X94808,2xemay2231.xml
63B132004,2xemay2232.xml
59P211120,2xemay2235.xml
59T156150,2xemay2238.xml
59H159324,2xemay2239.xml
59F103568,2xemay2261.xml
59E156347,2xemay2267.xml
59C153993,2xemay2272.xml
51K61392,2xemay2276.xml
59S153418,2xemay2277.xml
59S244712,2xemay2279.xml
59H154289,2xemay2282.xml
59T188808,2xemay2284.xml
59S174203,2xemay2290.xml
47B142642,2xemay2297.xml
59C161891,2xemay2302.xml
77D112938,2xemay2308.xml
59U139997,2xemay2310.xml
59NZ43756,2xemay2312.xml
54S85489,2xemay2321.xml
59B122119,2xemay2330.xml
53R50201,2xemay2333.xml
59N161776,2xemay2334.xml
868621890,2xemay2342.xml
59D101978,2xemay2345.xml
59E129565,2xemay2347.xml
59S110393,2xemay2349.xml
59C116274,2xemay2351.xml
59E117936,2xemay2354.xml
59V208347,2xemay2358.xml
59S116473,2xemay236.xml
63B963040,2xemay2366.xml
59H119374,2xemay2376.xml
59L145900,2xemay2387.xml
81H12204,2xemay2390.xml
55X17546,2xemay2391.xml
59U159175,2xemay2392.xml
54L29072,2xemay2393.xml
59K113099,2xemay2397.xml
59E142530,2xemay2400.xml
54F72138,2xemay2401.xml
59X137438,2xemay2403.xml
59L205442,2xemay2405.xml
62H27327,2xemay2407.xml
16G111649,2xemay2412.xml
54P83069,2xemay2420.xml
16M90826,2xemay2426.xml
59C165331,2xemay2429.xml
59P218900,2xemay2432.xml
54L42443,2xemay2443.xml
54K16483,2xemay2444.xml
59N101425,2xemay2461.xml
59P152934,2xemay2464.xml
59G198907,2xemay2469.xml
59V216023,2xemay2477.xml
63B957926,2xemay2479.xml
7227F0411,2xemay248.xml
51L73998,2xemay2487.xml
59C15610,2xemay2489.xml
55999C180,2xemay273.xml
55997711U,2xemay279.xml
599P11748,2xemay288.xml
7222K591,2xemay303.xml
59V243654,2xemay321.xml
59S220617,2xemay326.xml
55511189P,2xemay329.xml
855378S1,2xemay341.xml
5112T433,2xemay363.xml
67B181846,2xemay38.xml
60P71246,2xemay385.xml
72L86035,2xemay386.xml
700055EA7,2xemay390.xml
59K114468,2xemay392.xml
59N118000,2xemay393.xml
5998H1346,2xemay400.xml
61111D970,2xemay401.xml
59V258100,2xemay410.xml
79Z118589,2xemay412.xml
511179M2,2xemay413.xml
59C118824,2xemay428.xml
6B2230567,2xemay430.xml
777R27511,2xemay437.xml
59H102876,2xemay438.xml
59S271437,2xemay447.xml
59B133968,2xemay479.xml
66603C287,2xemay490.xml
6667K1020,2xemay504.xml
59M103519,2xemay51.xml
3377K416,2xemay517.xml
5599E6031,2xemay518.xml
7722K1546,2xemay519.xml
5593S4622,2xemay522.xml
59N154667,2xemay546.xml
62V16814,2xemay55.xml
559U17206,2xemay562.xml
44472216B,2xemay599.xml
5997S1113,2xemay605.xml
55400C149,2xemay608.xml
599N14067,2xemay616.xml
54S24522,2xemay62.xml
55N44609,2xemay622.xml
5993S1874,2xemay631.xml
518S2244,2xemay642.xml
548C19964,2xemay644.xml
77Y31694,2xemay649.xml
59U170392,2xemay66.xml
1118Z9470,2xemay674.xml
5572890M1,2xemay675.xml
59991130,2xemay690.xml
59F168955,2xemay7.xml
66P19375,2xemay728.xml
5559H1122,2xemay778.xml
5P2908324,2xemay796.xml
51X277689,2xemay809.xml
82204H11,2xemay821.xml
579P13388,2xemay850.xml
555599U12,2xemay859.xml
555E11100,2xemay870.xml
65F131532,2xemay88.xml
60B527811,2xemay890.xml
59P211336,2xemay896.xml
59L118843,2xemay910.xml
5906211P2,2xemay917.xml
59L154063,2xemay92.xml
51L33052,2xemay923.xml
59X120443,2xemay924.xml
51114S39,2xemay938.xml
5599H1731,2xemay956.xml
51L66448,2xemay960.xml
59C221148,2xemay963.xml
60B113994,2xemay971.xml
544552S8,2xemay972.xml
37E451119,2xemay974.xml
55F147999,2xemay988.xml
51F06532,3CarLongPlate226.xml
51A77529,3CarLongPlate230.xml
62A05772,3CarLongPlate231.xml
60LD00584,3CarLongPlate233.xml
60A21418,3CarLongPlate236.xml
51A05227,3CarLongPlate240.xml
51A05227,3CarLongPlate241.xml
51G39466,3CarLongPlate248.xml
51F61712,3CarLongPlate253.xml
51G42971,3CarLongPlate255.xml
51G37307,3CarLongPlate256.xml
51F63034,3CarLongPlate259.xml
51A69172,3CarLongPlate261.xml
51A69172,3CarLongPlate262.xml
52Y6490,3CarLongPlate263.xml
51F16159,3CarLongPlate266.xml
51F06609,3CarLongPlate269.xml
51G31691,3CarLongPlate280.xml
51G31691,3CarLongPlate281.xml
50Z1630,3CarLongPlate283.xml
50Z1630,3CarLongPlate284.xml
60A35981,3CarLongPlate294.xml
51F59011,3CarLongPlate297.xml
51F04275,3CarLongPlate300.xml
51F07568,3CarLongPlate304.xml
51G00672,3CarLongPlate306.xml
51G31691,3CarLongPlate318.xml
60M8965,3CarLongPlate325.xml
51F20754,3CarLongPlate326.xml
51F31118,3CarLongPlate328.xml
51F31118,3CarLongPlate329.xml
50LD04411,3CarLongPlate331.xml
51G51936,3CarLongPlate334.xml
0209,3CarLongPlate335.xml
51G10096,3CarLongPlate337.xml
51F82606,3CarLongPlate339.xml
60A39951,3CarLongPlate345.xml
51A77529,3CarLongPlate350.xml
51A77529,3CarLongPlate351.xml
62A05772,3CarLongPlate352.xml
51G51008,3CarLongPlate354.xml
51F22029,3CarLongPlate355.xml
51F22029,3CarLongPlate356.xml
51F61712,3CarLongPlate359.xml
51A05227,3CarLongPlate360.xml
51G21797,3CarLongPlate385.xml
86A06844,3CarLongPlate388.xml
56N7186,3CarLongPlate391.xml
51F20754,3CarLongPlate392.xml
93LD00103,3CarLongPlate393.xml
51F64619,3CarLongPlate399.xml
51F79512,3CarLongPlate401.xml
51G37307,3CarLongPlate404.xml
51F88270,3CarLongPlate409.xml
51F88270,3CarLongPlate411.xml
51F88270,3CarLongPlate414.xml
51A05227,3CarLongPlate417.xml
51A05227,3CarLongPlate418.xml
51G21670,3CarLongPlate420.xml
51F59881,3CarLongPlate424.xml
51A01204,3CarLongPlate427.xml
51A01204,3CarLongPlate429.xml
51F07973,3CarLongPlate436.xml
51F61712,3CarLongPlate439.xml
51F88270,3CarLongPlate440.xml
51F88270,3CarLongPlate441.xml
51F88270,3CarLongPlate442.xml
51A25668,3CarLongPlate444.xml
30N4616,3CarLongPlate446.xml
86988,3CarLongPlate448.xml
51A69172,3CarLongPlate449.xml
51A69172,3CarLongPlate450.xml
61A22959,3CarLongPlate454.xml
51G10209,3CarLongPlate455.xml
48A02866,3CarLongPlate457.xml
51A89714,3CarLongPlate461.xml
51F44614,3CarLongPlate466.xml
51F44614,3CarLongPlate467.xml
48A02866,3CarLongPlate468.xml
51F24403,3CarLongPlate471.xml
51G51332,3CarLongPlate475.xml
51F15585,3CarLongPlate476.xml
51F15585,3CarLongPlate478.xml
51F15585,3CarLongPlate480.xml
30V3993,3CarLongPlate484.xml
60A35981,3CarLongPlate485.xml
51F59011,3CarLongPlate488.xml
1F59011,3CarLongPlate489.xml
51G49539,3CarLongPlate490.xml
51F04275,3CarLongPlate492.xml
51A05227,3CarLongPlate494.xml
62A05516,3CarLongPlate500.xml
51F59881,3CarLongPlate503.xml
51F31118,3CarLongPlate511.xml
51G25481,3CarLongPlate514.xml
51A01204,3CarLongPlate515.xml
51F64619,3CarLongPlate522.xml
51F64619,3CarLongPlate524.xml
51G21748,3CarLongPlate528.xml
51G10096,3CarLongPlate529.xml
51G37307,3CarLongPlate531.xml
51G37307,3CarLongPlate532.xml
51G21670,3CarLongPlate534.xml
51F06532,3CarLongPlate539.xml
51F61712,3CarLongPlate541.xml
86A06844,3CarLongPlate544.xml
51F88270,3CarLongPlate550.xml
51F22029,3CarLongPlate554.xml
51A05227,3CarLongPlate557.xml
51A05227,3CarLongPlate561.xml
51F59881,3CarLongPlate565.xml
51F63034,3CarLongPlate566.xml
51A05227,3CarLongPlate568.xml
51A60216,3CarLongPlate582.xml
51A60216,3CarLongPlate588.xml
51F24403,3CarLongPlate591.xml
51A69172,3CarLongPlate592.xml
51A69172,3CarLongPlate593.xml
51F22261,3CarLongPlate599.xml
51G47281,3CarLongPlate604.xml
51A01204,3CarLongPlate612.xml
51A89714,3CarLongPlate615.xml
51B21666,3CarLongPlate619.xml
51B21666,3CarLongPlate621.xml
51A01204,3CarLongPlate623.xml
51F20754,3CarLongPlate624.xml
51A85325,3CarLongPlate633.xml
51A85325,3CarLongPlate635.xml
51F44614,3CarLongPlate636.xml
51F44614,3CarLongPlate637.xml
51F63034,3CarLongPlate640.xml
51F24403,3CarLongPlate641.xml
51F24403,3CarLongPlate642.xml
51G51332,3CarLongPlate646.xml
51F15558,3CarLongPlate648.xml
51F15558,3CarLongPlate649.xml
51G00144,3CarLongPlate652.xml
51C59323,3CarLongPlate654.xml
51G39466,3CarLongPlate656.xml
51F59881,3CarLongPlate661.xml
51A01204,3CarLongPlate663.xml
51A01204,3CarLongPlate664.xml
51F06948,3CarLongPlate666.xml
51F86988,3CarLongPlate667.xml
30V3993,3CarLongPlate670.xml
51F07973,3CarLongPlate675.xml
51F61712,3CarLongPlate678.xml
51F07973,3CarLongPlate679.xml
51F88270,3CarLongPlate681.xml
51F55827,3CarLongPlate682.xml
51F63034,3CarLongPlate684.xml
51A69172,3CarLongPlate686.xml
51F16159,3CarLongPlate688.xml
61A22959,3CarLongPlate689.xml
61A22959,3CarLongPlate691.xml
51G10209,3CarLongPlate692.xml
51G37307,3CarLongPlate694.xml
60A35981,3CarLongPlate698.xml
51A96141,3CarLongPlate705.xml
29A51796,3CarLongPlate707.xml
51F44614,3CarLongPlate710.xml
51F44614,3CarLongPlate711.xml
51A60216,3CarLongPlate718.xml
62A05195,3CarLongPlate720.xml
61A39534,3CarLongPlate725.xml
51F15585,3CarLongPlate729.xml
51F22261,3CarLongPlate730.xml
51F22261,3CarLongPlate731.xml
51F76354,3CarLongPlate734.xml
51F59011,3CarLongPlate739.xml
51F04275,3CarLongPlate742.xml
51G51936,3CarLongPlate746.xml
51G51936,3CarLongPlate747.xml
51F04275,3CarLongPlate748.xml
51F16159,3CarLongPlate751.xml
51F20754,3CarLongPlate758.xml
51F20754,3CarLongPlate759.xml
51F49142,3CarLongPlate769.xml
51A90905,3CarLongPlate773.xml
51G10096,3CarLongPlate774.xml
51G10096,3CarLongPlate775.xml
48A05177,3CarLongPlate777.xml
51A72110,3CarLongPlate782.xml
51G47340,3CarLongPlate788.xml
51A96141,3CarLongPlate789.xml
60LD00584,3CarLongPlate795.xml
51A72078,3CarLongPlate799.xml
51A77529,3CarLongPlate800.xml
51A77529,3CarLongPlate802.xml
51G51008,3CarLongPlate806.xml
51A05227,3CarLongPlate810.xml
52Y6490,3CarLongPlate812.xml
30E00090,3CarLongPlate825.xml
51F44614,3CarLongPlate840.xml
51F24403,3CarLongPlate841.xml
51G51332,3CarLongPlate852.xml
60A35981,3CarLongPlate853.xml
29A51796,3CarLongPlate855.xml
51F04877,3CarLongPlate858.xml
51F21255,3CarLongPlate868.xml
51F13251,3CarLongPlate872.xml
555511F,3CarLongPlate874.xml
51F15585,3CarLongPlate877.xml
51G48154,3CarLongPlate881.xml
51F98466,3CarLongPlate884.xml
6651F984,3CarLongPlate885.xml
51F58214,3CarLongPlate887.xml
51F27809,3CarLongPlate892.xml
51F22261,3CarLongPlate895.xml
51A89714,3CarLongPlate901.xml
60LD4379,3CarLongPlate902.xml
60A35981,3CarLongPlate903.xml
29A51796,3CarLongPlate907.xml
51F89357,3CarLongPlate909.xml
51A01204,3CarLongPlate919.xml
51A01204,3CarLongPlate920.xml
51A72110,3CarLongPlate923.xml
51F07973,3CarLongPlate924.xml
30E00009,3CarLongPlate930.xml
51F63304,3CarLongPlate932.xml
61A22959,3CarLongPlate936.xml
51F35613,3CarLongPlate940.xml
51F35613,3CarLongPlate941.xml
51A72110,3CarLongPlate942.xml
51F24403,3CarLongPlate945.xml
51F44614,3CarLongPlate950.xml
51F24403,3CarLongPlate952.xml
51G51936,3CarLongPlate975.xml
51F21255,3CarLongPlate977.xml
51G48154,3CarLongPlate986.xml
51F27809,3CarLongPlate998.xml
171NVX75,3PlateBaza0.xml
032A163,3PlateBaza105.xml
ZD448AK,3PlateBaza106.xml
RI982JF,3PlateBaza112.xml
HHR850,3PlateBaza123.xml
OAHCK190,3PlateBaza124.xml
BEW742,3PlateBaza125.xml
CK311BR,3PlateBaza130.xml
CK237V,3PlateBaza131.xml
ZG4898AC,3PlateBaza140.xml
ZG3833AK,3PlateBaza141.xml
983T939,3PlateBaza142.xml
RI883FV,3PlateBaza149.xml
ZG316GB,3PlateBaza158.xml
ZG264TJ,3PlateBaza162.xml
ZG155UB,3PlateBaza163.xml
BJ749G,3PlateBaza164.xml
ZG1036AG,3PlateBaza170.xml
513J636,3PlateBaza176.xml
ZG1665AE,3PlateBaza181.xml
ZG371AK,3PlateBaza182.xml
ZG956RZ,3PlateBaza185.xml
ZG483ZM,3PlateBaza194.xml
ZG932UG,3PlateBaza205.xml
ZG8135N,3PlateBaza206.xml
ZG511SF,3PlateBaza208.xml
VU767C,3PlateBaza209.xml
EDAL551,3PlateBaza21.xml
HDL798,3PlateBaza211.xml
ZG9952P,3PlateBaza214.xml
ZG660UU,3PlateBaza218.xml
RI238JL,3PlateBaza221.xml
ZG2273E,3PlateBaza224.xml
ZG7761M,3PlateBaza228.xml
ZG2808AA,3PlateBaza234.xml
FGH1662,3PlateBaza237.xml
ZG4847S,3PlateBaza241.xml
ZD539CH,3PlateBaza25.xml
ZG593ZH,3PlateBaza253.xml
ZG1532AB,3PlateBaza268.xml
ZG6123J,3PlateBaza27.xml
DU149AR,3PlateBaza294.xml
ZG8901Z,3PlateBaza295.xml
BRJ193,3PlateBaza297.xml
ZU178U,3PlateBaza300.xml
PU660BJ,3PlateBaza309.xml
SP495AP,3PlateBaza314.xml
TOLXC803,3PlateBaza325.xml
ZG959JJ,3PlateBaza327.xml
ZG855VT,3PlateBaza328.xml
ZG3305J,3PlateBaza329.xml
BW678RX,3PlateBaza33.xml
G13GC,3PlateBaza330.xml
ZG5800K,3PlateBaza335.xml
VZ785ER,3PlateBaza337.xml
KC000KK1,3PlateBaza338.xml
SK402CK,3PlateBaza339.xml
ZG1929AH,3PlateBaza349.xml
ZG6347H,3PlateBaza351.xml
ZG781LR,3PlateBaza358.xml
MB4071P,3PlateBaza362.xml
ZG424RI,3PlateBaza363.xml
010K441,3PlateBaza364.xml
ZG2828AJ,3PlateBaza365.xml
ZG5642AB,3PlateBaza367.xml
ZG990NL,3PlateBaza37.xml
ZG5687AR,3PlateBaza371.xml
ZG862NS,3PlateBaza377.xml
ZG5114E,3PlateBaza384.xml
ZG789PI,3PlateBaza386.xml
ZG9000D,3PlateBaza388.xml
ZG415MA,3PlateBaza390.xml
GZ04214,3PlateBaza391.xml
ZG556KJ,3PlateBaza394.xml
ZG394JU,3PlateBaza401.xml
VU3003VU,3PlateBaza406.xml
KR401A,3PlateBaza409.xml
SI124BP,3PlateBaza425.xml
ZG773VE,3PlateBaza429.xml
VU135F,3PlateBaza436.xml
ZG7900D,3PlateBaza439.xml
ZG120JL,3PlateBaza441.xml
0G788P,3PlateBaza445.xml
ZG093PZ,3PlateBaza448.xml
ZG145BD,3PlateBaza451.xml
ZG995NN,3PlateBaza456.xml
ZG679VF,3PlateBaza458.xml
ZG710KS,3PlateBaza460.xml
ZG2424B,3PlateBaza461.xml
ZG1001DJ,3PlateBaza462.xml
ZG248EB,3PlateBaza464.xml
ZG210EH,3PlateBaza468.xml
ZG8298F,3PlateBaza469.xml
SI610AK,3PlateBaza472.xml
ZG41340,3PlateBaza474.xml
ZG120EL,3PlateBaza475.xml
ZG447DU,3PlateBaza481.xml
RI1201AR,3PlateBaza486.xml
RG776FB,3PlateBaza489.xml
ZG912CK,3PlateBaza491.xml
RI994GE,3PlateBaza492.xml
ZG400HZ,3PlateBaza495.xml
SK646CA,3PlateBaza496.xml
ZG293P,3PlateBaza497.xml
RI580KC,3PlateBaza500.xml
ZG256FZ,3PlateBaza503.xml
62H57108,3xemay1001.xml
59B138559,3xemay1008.xml
76H106161,3xemay1014.xml
60B104034,3xemay1018.xml
54L36961,3xemay1019.xml
30N45882,3xemay102.xml
59V226310,3xemay1026.xml
59F173270,3xemay1027.xml
51H49707,3xemay1028.xml
59F163186,3xemay1039.xml
54U54316,3xemay1041.xml
59L116511,3xemay1050.xml
59K122323,3xemay1052.xml
59N100569,3xemay1055.xml
59X121394,3xemay1062.xml
59X267951,3xemay1065.xml
54R11147,3xemay1067.xml
55X82215,3xemay1068.xml
59L204775,3xemay1069.xml
71C232149,3xemay1070.xml
59E162847,3xemay1079.xml
75F129830,3xemay1087.xml
59U159897,3xemay109.xml
49K127144,3xemay1102.xml
22H51198,3xemay1106.xml
60U23465,3xemay111.xml
60T77586,3xemay1112.xml
72H58794,3xemay1114.xml
59S212978,3xemay1116.xml
59K196591,3xemay1119.xml
79N209854,3xemay1122.xml
72C105018,3xemay1128.xml
59C204837,3xemay1129.xml
59L138765,3xemay1131.xml
79Z116792,3xemay1139.xml
54S13034,3xemay1140.xml
72K108550,3xemay1141.xml
61B161878,3xemay1152.xml
59T187564,3xemay1154.xml
59L178582,3xemay1155.xml
54T54498,3xemay1167.xml
59T174443,3xemay1170.xml
59C201909,3xemay1175.xml
54P11782,3xemay1178.xml
59E153139,3xemay1180.xml
60B422155,3xemay1183.xml
59C221098,3xemay119.xml
59M188841,3xemay1209.xml
54S50882,3xemay1211.xml
59F111299,3xemay1213.xml
59T123977,3xemay1221.xml
59C161110,3xemay1223.xml
59M197489,3xemay1227.xml
59S232928,3xemay1234.xml
61N40663,3xemay1237.xml
79H58812,3xemay1251.xml
53V48609,3xemay1264.xml
59E170762,3xemay1265.xml
78N25203,3xemay1269.xml
59H133046,3xemay127.xml
48F1856,3xemay128.xml
59F108501,3xemay1281.xml
85D105960,3xemay1283.xml
62P153221,3xemay1288.xml
67E106661,3xemay1299.xml
59C251109,3xemay13.xml
63B346905,3xemay1304.xml
83P213173,3xemay1305.xml
59K120173,3xemay1309.xml
47L109977,3xemay1310.xml
63B436920,3xemay1315.xml
54Z32177,3xemay1318.xml
59S235205,3xemay132.xml
59E158284,3xemay1323.xml
59M148700,3xemay1327.xml
59D217148,3xemay1330.xml
52F31770,3xemay1331.xml
59T103617,3xemay1333.xml
59P200263,3xemay1335.xml
59T127957,3xemay1339.xml
59C139113,3xemay1345.xml
59X149553,3xemay1349.xml
55P60839,3xemay1352.xml
59H143727,3xemay1368.xml
59U109278,3xemay1371.xml
59H160919,3xemay1372.xml
59T135415,3xemay1374.xml
59X291011,3xemay1376.xml
59Y154776,3xemay1385.xml
51R30737,3xemay1386.xml
59D178262,3xemay1393.xml
59T111692,3xemay1398.xml
54U39055,3xemay1401.xml
52P39520,3xemay1405.xml
63B304426,3xemay1406.xml
92L87156,3xemay1413.xml
51L3D352,3xemay1417.xml
54N46324,3xemay1420.xml
59S159694,3xemay1429.xml
49K138886,3xemay1434.xml
62K51250,3xemay1437.xml
59S144895,3xemay1441.xml
59H134159,3xemay1447.xml
79Z15804,3xemay1448.xml
59S175715,3xemay1456.xml
59S141803,3xemay1461.xml
59P223930,3xemay1469.xml
54P24739,3xemay1475.xml
59H163602,3xemay1476.xml
59L118044,3xemay1480.xml
47M76992,3xemay1484.xml
59A308640,3xemay1488.xml
59B135294,3xemay1492.xml
85B102836,3xemay1496.xml
83P106675,3xemay150.xml
59N193305,3xemay1507.xml
59T162133,3xemay1511.xml
69B132267,3xemay1523.xml
59M187668,3xemay1525.xml
50XA5553,3xemay1531.xml
59D106399,3xemay1534.xml
60V77002,3xemay1546.xml
59H155556,3xemay1557.xml
59S246039,3xemay1559.xml
79D115814,3xemay1562.xml
29B110559,3xemay1565.xml
47711D237,3xemay157.xml
68K49407,3xemay1570.xml
65U24787,3xemay1574.xml
55X20001,3xemay1582.xml
16L95425,3xemay1587.xml
54L53444,3xemay1589.xml
59F129346,3xemay159.xml
59M197372,3xemay1597.xml
777F12842,3xemay1604.xml
59H141296,3xemay1607.xml
59T146457,3xemay1613.xml
59B101554,3xemay1625.xml
93F94406,3xemay1628.xml
29B122701,3xemay1634.xml
86B340430,3xemay1637.xml
59Y160271,3xemay1641.xml
61C161407,3xemay1645.xml
59S100685,3xemay1652.xml
59G161590,3xemay1654.xml
59T186782,3xemay1662.xml
52P28146,3xemay1665.xml
84G122593,3xemay1667.xml
54P46793,3xemay1669.xml
54T14995,3xemay1670.xml
59C131162,3xemay1673.xml
54Z31084,3xemay1676.xml
54L48348,3xemay1677.xml
60B776143,3xemay168.xml
59C259392,3xemay1684.xml
67L133525,3xemay1695.xml
60B555723,3xemay17.xml
59B120000,3xemay170.xml
59N231428,3xemay1703.xml
59Z202768,3xemay1704.xml
59K199217,3xemay1708.xml
53R88556,3xemay1711.xml
59D167023,3xemay1714.xml
54T11850,3xemay1725.xml
54S81699,3xemay173.xml
59C156086,3xemay1730.xml
59U145267,3xemay1731.xml
55P85535,3xemay1733.xml
54R47039,3xemay1734.xml
59P166480,3xemay1740.xml
52L26661,3xemay1749.xml
59U135226,3xemay175.xml
67L106669,3xemay1765.xml
60B813705,3xemay1771.xml
59F138151,3xemay1780.xml
59P133220,3xemay1795.xml
83P167560,3xemay1798.xml
59P220947,3xemay1799.xml
54S22148,3xemay1801.xml
47D117237,3xemay1805.xml
47K108279,3xemay1815.xml
59U166141,3xemay1833.xml
75K30899,3xemay184.xml
52Z79752,3xemay1842.xml
59N187515,3xemay1845.xml
54L39902,3xemay1849.xml
59F113860,3xemay1852.xml
59H146704,3xemay1855.xml
54U57001,3xemay1856.xml
59B131149,3xemay1858.xml
59T103506,3xemay1919.xml
59V200884,3xemay192.xml
93P106312,3xemay1925.xml
54V14819,3xemay1928.xml
59C105899,3xemay1934.xml
55P56876,3xemay1937.xml
60C123774,3xemay1953.xml
29C120902,3xemay1956.xml
59V184031,3xemay1974.xml
47B142872,3xemay198.xml
7ZE101515,3xemay1986.xml
59L223714,3xemay1990.xml
67C105355,3xemay2007.xml
72L21703,3xemay2012.xml
59S168287,3xemay2038.xml
85F100417,3xemay2085.xml
65S21319,3xemay2096.xml
83B66954,3xemay2132.xml
72C112511,3xemay2140.xml
51L80104,3xemay2152.xml
59X278848,3xemay2154.xml
60B628032,3xemay217.xml
59C131162,3xemay2176.xml
59U101985,3xemay218.xml
59K190300,3xemay2185.xml
59C245928,3xemay220.xml
59L136261,3xemay2214.xml
61C106403,3xemay222.xml
72C112511,3xemay2229.xml
61D107911,3xemay2230.xml
59U157674,3xemay2242.xml
77C133397,3xemay2247.xml
62V16814,3xemay2251.xml
59F164516,3xemay2254.xml
79D1D7705,3xemay2259.xml
76G112000,3xemay226.xml
51L34827,3xemay2263.xml
67E105420,3xemay2286.xml
59S232928,3xemay2292.xml
59H10571,3xemay2296.xml
59C162293,3xemay2307.xml
71B289897,3xemay2314.xml
59T166153,3xemay2328.xml
59C123968,3xemay237.xml
59H167791,3xemay2370.xml
77H62229,3xemay2383.xml
59E170535,3xemay2394.xml
66044X82,3xemay24.xml
59P163138,3xemay241.xml
47H75226,3xemay2421.xml
66P15739,3xemay2442.xml
54S16312,3xemay2462.xml
54V25804,3xemay2467.xml
59L197457,3xemay2471.xml
59F170424,3xemay2476.xml
67B181846,3xemay2482.xml
54X45969,3xemay2485.xml
59S216555,3xemay2486.xml
84K51618,3xemay254.xml
59T192270,3xemay258.xml
59T103506,3xemay259.xml
59P231316,3xemay260.xml
59D149489,3xemay267.xml
54V14819,3xemay268.xml
59L154063,3xemay269.xml
52F86932,3xemay270.xml
55P56876,3xemay276.xml
59C244011,3xemay277.xml
53V97976,3xemay281.xml
70SA0367,3xemay284.xml
86B608797,3xemay292.xml
29C120902,3xemay293.xml
54L39902,3xemay300.xml
59P189739,3xemay304.xml
62L122767,3xemay307.xml
59E113417,3xemay31.xml
59103519M,3xemay311.xml
59L223714,3xemay323.xml
59F147404,3xemay337.xml
59H272061,3xemay348.xml
60B628032,3xemay351.xml
59P230351,3xemay355.xml
59V107743,3xemay36.xml
54S14959,3xemay361.xml
54S14959,3xemay371.xml
59K165072,3xemay373.xml
65S21319,3xemay378.xml
59T160830,3xemay395.xml
59F123865,3xemay396.xml
59T101439,3xemay403.xml
65H90714,3xemay411.xml
71B251318,3xemay417.xml
59S138731,3xemay431.xml
70L137096,3xemay434.xml
78H117550,3xemay439.xml
72K108989,3xemay445.xml
53R88556,3xemay448.xml
53R90844,3xemay454.xml
49F108660,3xemay459.xml
54L24624,3xemay46.xml
72L63974,3xemay460.xml
59N174939,3xemay465.xml
51L80104,3xemay469.xml
59X278848,3xemay471.xml
59S232386,3xemay476.xml
59U177792,3xemay483.xml
49B120807,3xemay486.xml
59T159973,3xemay499.xml
59N147102,3xemay507.xml
47R14301,3xemay511.xml
59Y187304,3xemay513.xml
93P117409,3xemay514.xml
59E134192,3xemay521.xml
59L136261,3xemay525.xml
50N107428,3xemay530.xml
51V44579,3xemay536.xml
61D107911,3xemay539.xml
59N147102,3xemay543.xml
54X41983,3xemay545.xml
59T156150,3xemay547.xml
51L34827,3xemay556.xml
43D106544,3xemay557.xml
59T102309,3xemay558.xml
79N179117,3xemay570.xml
51Z30606,3xemay591.xml
59S232928,3xemay596.xml
59S254455,3xemay598.xml
59C162293,3xemay60.xml
54R24924,3xemay600.xml
59C161891,3xemay604.xml
59U139619,3xemay61.xml
59T105297,3xemay612.xml
59N161776,3xemay633.xml
71S55600,3xemay634.xml
59F109596,3xemay636.xml
59F118814,3xemay637.xml
59F126626,3xemay639.xml
64D121888,3xemay646.xml
84K34900,3xemay65.xml
59H167791,3xemay663.xml
71H15518,3xemay665.xml
59H119374,3xemay671.xml
51S63577,3xemay672.xml
77H62229,3xemay678.xml
55X17546,3xemay685.xml
59E170535,3xemay688.xml
59E142530,3xemay692.xml
59X296553,3xemay694.xml
68X121002,3xemay698.xml
52F41035,3xemay701.xml
59V245387,3xemay707.xml
67M23789,3xemay708.xml
54P83069,3xemay709.xml
59C165331,3xemay71.xml
59L232473,3xemay724.xml
77L100895,3xemay725.xml
51H58092,3xemay727.xml
36F42678,3xemay735.xml
54S16312,3xemay74.xml
69C128588,3xemay744.xml
60C165829,3xemay747.xml
54U46484,3xemay749.xml
59P152934,3xemay75.xml
59S187231,3xemay754.xml
59F170424,3xemay76.xml
63B140991,3xemay765.xml
51L41138,3xemay77.xml
59D120255,3xemay770.xml
59Y171364,3xemay771.xml
55Y19833,3xemay777.xml
54V25804,3xemay78.xml
59Z120681,3xemay780.xml
54T19588,3xemay781.xml
59E165653,3xemay783.xml
59G185820,3xemay789.xml
51R56273,3xemay80.xml
59P197255,3xemay801.xml
54P28057,3xemay806.xml
59F132246,3xemay814.xml
59P125512,3xemay824.xml
59Y171364,3xemay828.xml
72C170989,3xemay829.xml
94H41831,3xemay83.xml
59S229969,3xemay834.xml
60C161975,3xemay835.xml
79H57630,3xemay838.xml
59C227415,3xemay843.xml
59L150899,3xemay846.xml
59P133163,3xemay849.xml
59S231606,3xemay857.xml
59U184366,3xemay864.xml
51F91341,3xemay875.xml
60C200684,3xemay876.xml
59K122599,3xemay898.xml
59V107473,3xemay9.xml
59Y192533,3xemay903.xml
52Y35969,3xemay909.xml
76G122607,3xemay918.xml
59F154719,3xemay925.xml
54S25505,3xemay929.xml
60B711557,3xemay939.xml
77H106830,3xemay940.xml
59Z126553,3xemay942.xml
59L231318,3xemay945.xml
93K114005,3xemay947.xml
59P185700,3xemay950.xml
60C135331,3xemay954.xml
59L231395,3xemay968.xml
59H147751,3xemay975.xml
79K102061,3xemay977.xml
59C15610,3xemay98.xml
54F23213,3xemay981.xml
54F45279,3xemay986.xml
54S16830,3xemay991.xml
52Z67766,3xemay995.xml
51G10096,4CarLongPlate0.xml
51G49539,4CarLongPlate105.xml
51F20754,4CarLongPlate108.xml
51F31118,4CarLongPlate111.xml
51A65474,4CarLongPlate112.xml
51A77529,4CarLongPlate130.xml
68C137520,4CarLongPlate133.xml
51G21670,4CarLongPlate139.xml
51F59881,4CarLongPlate141.xml
51F59011,4CarLongPlate17.xml
51G00672,4CarLongPlate193.xml
51F32488,4CarLongPlate20.xml
50LD04411,4CarLongPlate218.xml
51A65474,4CarLongPlate223.xml
51A01204,4CarLongPlate245.xml
52Y6490,4CarLongPlate264.xml
51A64826,4CarLongPlate268.xml
51F24403,4CarLongPlate278.xml
52Y6490,4CarLongPlate312.xml
51G31691,4CarLongPlate313.xml
51F07973,4CarLongPlate319.xml
51G10096,4CarLongPlate336.xml
51F82606,4CarLongPlate34.xml
51F06532,4CarLongPlate348.xml
1G49524,4CarLongPlate357.xml
51A01204,4CarLongPlate364.xml
51F15585,4CarLongPlate380.xml
51F59011,4CarLongPlate383.xml
51F88270,4CarLongPlate410.xml
51F59881,4CarLongPlate426.xml
51A01204,4CarLongPlate428.xml
51G21670,4CarLongPlate43.xml
51A01204,4CarLongPlate430.xml
51G39466,4CarLongPlate435.xml
51G10209,4CarLongPlate456.xml
51F79512,4CarLongPlate46.xml
51F15558,4CarLongPlate477.xml
51G49539,4CarLongPlate479.xml
51F78396,4CarLongPlate497.xml
51F59881,4CarLongPlate504.xml
51F24476,4CarLongPlate505.xml
56N7186,4CarLongPlate507.xml
51F31118,4CarLongPlate510.xml
G47281,4CarLongPlate525.xml
51G10096,4CarLongPlate530.xml
51A77529,4CarLongPlate542.xml
51A64826,4CarLongPlate556.xml
51F22029,4CarLongPlate558.xml
51G01440,4CarLongPlate559.xml
51G39466,4CarLongPlate570.xml
51A69172,4CarLongPlate576.xml
51A72110,4CarLongPlate583.xml
51A96141,4CarLongPlate630.xml
51F69545,4CarLongPlate647.xml
51A05227,4CarLongPlate655.xml
51F22216,4CarLongPlate662.xml
29A51796,4CarLongPlate68.xml
51F61712,4CarLongPlate680.xml
51D10039,4CarLongPlate697.xml
51F61712,4CarLongPlate701.xml
1F44614,4CarLongPlate714.xml
51F24403,4CarLongPlate722.xml
48A05177,4CarLongPlate723.xml
51G51332,4CarLongPlate727.xml
51F15558,4CarLongPlate728.xml
51F02687,4CarLongPlate744.xml
51A69172,4CarLongPlate749.xml
51A69172,4CarLongPlate750.xml
1A85325,4CarLongPlate765.xml
51G25181,4CarLongPlate768.xml
51F86988,4CarLongPlate778.xml
G01177,4CarLongPlate781.xml
51G47340,4CarLongPlate787.xml
51A96141,4CarLongPlate791.xml
51A96141,4CarLongPlate793.xml
60LD00584,4CarLongPlate796.xml
51F88270,4CarLongPlate822.xml
51F63034,4CarLongPlate826.xml
51F35613,4CarLongPlate835.xml
51A72110,4CarLongPlate836.xml
51A96141,4CarLongPlate837.xml
51F75326,4CarLongPlate842.xml
51G51332,4CarLongPlate846.xml
51F15585,4CarLongPlate847.xml
51F69259,4CarLongPlate870.xml
51F21255,4CarLongPlate891.xml
30V3993,4CarLongPlate896.xml
30V3993,4CarLongPlate897.xml
51A75932,4CarLongPlate900.xml
51F59011,4CarLongPlate911.xml
59F175758,4CarLongPlate912.xml
51F59011,4CarLongPlate913.xml
51A05227,4CarLongPlate916.xml
51F61712,4CarLongPlate927.xml
51A69172,4CarLongPlate933.xml
51A96141,4CarLongPlate934.xml
61A22995,4CarLongPlate937.xml
60A35981,4CarLongPlate962.xml
51G20536,4CarLongPlate971.xml
51F78904,4CarLongPlate973.xml
29A23950,4CarLongPlate984.xml
51F77836,4CarLongPlate987.xml
DU732CH,4PlateBaza108.xml
DU190CE,4PlateBaza113.xml
VK750AI,4PlateBaza132.xml
DU486AD,4PlateBaza134.xml
SD268BZ,4PlateBaza137.xml
KR988AP,4PlateBaza153.xml
DU748BH,4PlateBaza23.xml
ZG763VE,4PlateBaza31.xml
SK180BM,4PlateBaza32.xml
777333C19,4xemay1939.xml
600B68223,4xemay1944.xml
47N68169,4xemay1954.xml
880B60779,4xemay1955.xml
95E111446,4xemay1958.xml
5554X167,4xemay1959.xml
559X24039,4xemay1961.xml
9911H5077,4xemay1967.xml
95533111S,4xemay1970.xml
62221L667,4xemay1972.xml
55V14877,4xemay1975.xml
78811155B,4xemay1984.xml
9331162P5,4xemay1991.xml
559922E17,4xemay1992.xml
999001C25,4xemay1998.xml
17C223346,4xemay1999.xml
55559T100,4xemay2000.xml
C17773933,4xemay2001.xml
3411099P7,4xemay2002.xml
4445F1970,4xemay2005.xml
99P274025,4xemay2015.xml
54446619,4xemay2016.xml
11555H22,4xemay2020.xml
5353012P9,4xemay2025.xml
6998H17,4xemay2031.xml
44559S1,4xemay2032.xml
B11188557,4xemay2033.xml
2166M1963,4xemay2035.xml
66D080322,4xemay2036.xml
9558800E1,4xemay2037.xml
90021T155,4xemay2044.xml
11997D80,4xemay2047.xml
99760N125,4xemay2055.xml
7706C1432,4xemay2056.xml
702L8356,4xemay2059.xml
65N118000,4xemay2067.xml
95T100836,4xemay2069.xml
H65519,4xemay2071.xml
55B143992,4xemay2072.xml
99B117453,4xemay2074.xml
1111D9760,4xemay2077.xml
666957P1,4xemay2080.xml
M14590567,4xemay2084.xml
5H491706,4xemay2088.xml
589Z19781,4xemay2089.xml
5M297111,4xemay2090.xml
155V4449,4xemay2093.xml
N11255592,4xemay2100.xml
777711B25,4xemay2101.xml
5C1163999,4xemay2102.xml
955C23130,4xemay2105.xml
98V220055,4xemay2107.xml
5H1401729,4xemay2111.xml
9L1600773,4xemay2113.xml
44872X65,4xemay2115.xml
950007C15,4xemay2118.xml
9G1177685,4xemay2122.xml
607P1495,4xemay2124.xml
9441K0265,4xemay2126.xml
9773145S2,4xemay2127.xml
28853655,4xemay2128.xml
99775T124,4xemay2133.xml
X19639495,4xemay2134.xml
995497X25,4xemay2136.xml
9910P0225,4xemay2138.xml
95V248800,4xemay2139.xml
444L2265,4xemay2151.xml
9C1824235,4xemay2153.xml
993L25831,4xemay2155.xml
9K1007320,4xemay2156.xml
0667B2532,4xemay2158.xml
958S26332,4xemay2159.xml
66S180091,4xemay2161.xml
53399B168,4xemay2163.xml
B537011,4xemay2169.xml
V1142866,4xemay2171.xml
67312R55,4xemay2173.xml
974K10032,4xemay2174.xml
T11795644,4xemay2179.xml
40269U115,4xemay2182.xml
N11229555,4xemay2188.xml
6V692437,4xemay2189.xml
95V248800,4xemay2190.xml
332266H7,4xemay2197.xml
7R110434,4xemay2199.xml
60063702B,4xemay2200.xml
77K13364,4xemay2205.xml
556E13099,4xemay2206.xml
995530H11,4xemay2207.xml
20S38577,4xemay2209.xml
9923411E5,4xemay2210.xml
9S2645537,4xemay2211.xml
5991V1858,4xemay2217.xml
599334D11,4xemay2224.xml
B11182680,4xemay2233.xml
591N17402,4xemay2234.xml
44X38915,4xemay2236.xml
448Z2755,4xemay2240.xml
4L110254,4xemay2241.xml
C72680611,4xemay2243.xml
9P2365200,4xemay2244.xml
0D1166695,4xemay2246.xml
9903205T1,4xemay2250.xml
991185E32,4xemay2252.xml
95F100355,4xemay2253.xml
59U127056,4xemay2255.xml
11E059983,4xemay2256.xml
99111N777,4xemay2264.xml
95S342288,4xemay2266.xml
55422719K,4xemay2269.xml
66P23955,4xemay2270.xml
5599S1823,4xemay2278.xml
99005311F,4xemay2283.xml
9H9136045,4xemay2288.xml
955552S44,4xemay2294.xml
444R2295,4xemay2298.xml
116660B23,4xemay2299.xml
5555609T1,4xemay2300.xml
655H1170,4xemay2301.xml
595C14400,4xemay2306.xml
5599T1702,4xemay2311.xml
0496759N1,4xemay2315.xml
U11999653,4xemay2318.xml
4455N906,4xemay2322.xml
9596621E0,4xemay2323.xml
16H51839,4xemay2326.xml
95528H150,4xemay2327.xml
4455S222,4xemay2329.xml
E10555094,4xemay2331.xml
9559F1096,4xemay2337.xml
95111F488,4xemay2338.xml
564499C18,4xemay2346.xml
46U188821,4xemay2348.xml
22116997K,4xemay2353.xml
K11789956,4xemay2357.xml
64R22733,4xemay2360.xml
H17665530,4xemay2361.xml
04K34900,4xemay2362.xml
U1076369,4xemay2363.xml
9911H5677,4xemay2367.xml
11H11557,4xemay2369.xml
753400Z7,4xemay2371.xml
C19547852,4xemay2372.xml
2840F753,4xemay2374.xml
59M157280,4xemay2380.xml
9923C1503,4xemay2382.xml
59777911H,4xemay2385.xml
147136Y95,4xemay2388.xml
599236L11,4xemay2396.xml
332B66351,4xemay2399.xml
95X235569,4xemay2402.xml
629AB0673,4xemay2404.xml
86X120012,4xemay2408.xml
59S251095,4xemay2409.xml
M19950077,4xemay2410.xml
95S143881,4xemay2413.xml
2P250887,4xemay2415.xml
66600L34,4xemay2416.xml
77M29836,4xemay2419.xml
9P2533342,4xemay2422.xml
0659X1523,4xemay2424.xml
9S2438852,4xemay2427.xml
999911553,4xemay2440.xml
063111D39,4xemay2446.xml
95B195583,4xemay2448.xml
95F140474,4xemay2453.xml
4613L965,4xemay2454.xml
5224C0099,4xemay2455.xml
7111345B1,4xemay2457.xml
59P224376,4xemay2458.xml
59H152440,4xemay2460.xml
94421F507,4xemay2465.xml
86B312944,4xemay2472.xml
944H1183,4xemay2473.xml
95L106778,4xemay2480.xml
55613049L,4xemay2483.xml
0A842866,5CarLongPlate113.xml
1A015204,5CarLongPlate143.xml
600A3886,5CarLongPlate169.xml
1115A964,5CarLongPlate173.xml
44146F15,5CarLongPlate175.xml
43A18650,5CarLongPlate179.xml
22261F15,5CarLongPlate184.xml
51F06998,5CarLongPlate197.xml
7F153420,5CarLongPlate201.xml
15G01177,5CarLongPlate210.xml
40374G15,5CarLongPlate220.xml
411287G5,5CarLongPlate23.xml
51F22209,5CarLongPlate237.xml
1F59188,5CarLongPlate243.xml
89357F15,5CarLongPlate246.xml
15F07739,5CarLongPlate251.xml
1147895A,5CarLongPlate271.xml
A1158974,5CarLongPlate273.xml
4G153630,5CarLongPlate282.xml
G1155332,5CarLongPlate287.xml
50LD04411,5CarLongPlate30.xml
75240F15,5CarLongPlate302.xml
F157493,5CarLongPlate310.xml
51A02293,5CarLongPlate314.xml
DL0044115,5CarLongPlate330.xml
51F02937,5CarLongPlate342.xml
A3510699,5CarLongPlate344.xml
551G4924,5CarLongPlate346.xml
21G16570,5CarLongPlate419.xml
55U160099,5CarLongPlate421.xml
1F568847,5CarLongPlate423.xml
0F156948,5CarLongPlate432.xml
0F225415,5CarLongPlate491.xml
1A725444,5CarLongPlate508.xml
400A1215,5CarLongPlate516.xml
0LD04411,5CarLongPlate518.xml
25358A15,5CarLongPlate521.xml
15F88220,5CarLongPlate548.xml
22029F15,5CarLongPlate553.xml
1F522209,5CarLongPlate555.xml
0F117739,5CarLongPlate571.xml
A2299516,5CarLongPlate578.xml
116702G5,5CarLongPlate590.xml
1531118F,5CarLongPlate627.xml
F1506948,5CarLongPlate634.xml
77802A15,5CarLongPlate643.xml
15F06948,5CarLongPlate645.xml
G1549160,5CarLongPlate690.xml
A1560216,5CarLongPlate700.xml
A9251796,5CarLongPlate706.xml
99522A16,5CarLongPlate75.xml
6G11960,5CarLongPlate757.xml
897A1415,5CarLongPlate761.xml
152G181,5CarLongPlate766.xml
8964S65,5CarLongPlate767.xml
51A89714,5CarLongPlate78.xml
117296A5,5CarLongPlate801.xml
15F24403,5CarLongPlate807.xml
12040A15,5CarLongPlate816.xml
15F63034,5CarLongPlate827.xml
117296A5,5CarLongPlate829.xml
301F5244,5CarLongPlate83.xml
1A961145,5CarLongPlate838.xml
1115F659,5CarLongPlate845.xml
A6806642,5CarLongPlate859.xml
11F55380,5CarLongPlate865.xml
555511F,5CarLongPlate879.xml
F1527809,5CarLongPlate893.xml
60A35981,5CarLongPlate904.xml
272551A0,5CarLongPlate905.xml
1332515G,5CarLongPlate91.xml
15F59881,5CarLongPlate917.xml
3345551A,5CarLongPlate929.xml
6911A572,5CarLongPlate935.xml
51G11008,5CarLongPlate939.xml
42750F15,5CarLongPlate943.xml
1544F614,5CarLongPlate949.xml
511F5558,5CarLongPlate960.xml
991F5625,5CarLongPlate980.xml
551G3602,5CarLongPlate999.xml
BFRE182,5PlateBaza167.xml
020G69,5PlateBaza180.xml
6BH98AI,5PlateBaza192.xml
E774489,5PlateBaza212.xml
ZGG632L,5PlateBaza215.xml
ZG005DD,5PlateBaza217.xml
4D523GZ,5PlateBaza219.xml
ZG9267AD,5PlateBaza223.xml
DL484GZ,5PlateBaza267.xml
ZG7029M,5PlateBaza270.xml
H40GZ63,5PlateBaza283.xml
ZG8I024,5PlateBaza296.xml
ZG5031AE,5PlateBaza298.xml
30463TC,5PlateBaza326.xml
1GS00S0,5PlateBaza333.xml
MBVB939,5PlateBaza342.xml
H5122KK,5PlateBaza343.xml
G00015,5PlateBaza352.xml
8000ZZG,5PlateBaza36.xml
GZ128VJ,5PlateBaza417.xml
WS771AE,5PlateBaza42.xml
37ZG10AL,5PlateBaza427.xml
1GZ06LU,5PlateBaza431.xml
BMJB286,5PlateBaza449.xml
5SC65GZ,5PlateBaza467.xml
UV271K,5PlateBaza479.xml
93F117078,5xemay1002.xml
59S247061,5xemay1011.xml
78H102133,5xemay1022.xml
54R30018,5xemay1030.xml
59D150216,5xemay1036.xml
77F79919,5xemay1040.xml
59V204212,5xemay1048.xml
52U49980,5xemay1056.xml
59B134682,5xemay1082.xml
69C100788,5xemay1091.xml
95F160138,5xemay11.xml
59M154192,5xemay1107.xml
83P199696,5xemay1110.xml
60F204565,5xemay1120.xml
59U152884,5xemay1143.xml
59S236623,5xemay117.xml
59P194751,5xemay1173.xml
59V122709,5xemay1187.xml
59A308011,5xemay1195.xml
67L106669,5xemay120.xml
59P214706,5xemay1200.xml
62K85607,5xemay1207.xml
59E118310,5xemay1210.xml
49K139272,5xemay1215.xml
59S191667,5xemay1222.xml
59S159559,5xemay1232.xml
59S201572,5xemay1235.xml
59T185717,5xemay1247.xml
55P48426,5xemay1255.xml
60Y22445,5xemay1258.xml
60B813705,5xemay126.xml
70P15900,5xemay1261.xml
39F15014,5xemay1292.xml
93B117085,5xemay1317.xml
59S208338,5xemay1321.xml
95AA00839,5xemay133.xml
99L123882,5xemay1347.xml
59X297772,5xemay1367.xml
93F124985,5xemay1388.xml
59B123468,5xemay1396.xml
99K140650,5xemay140.xml
59S131386,5xemay141.xml
59H132122,5xemay1414.xml
59V109869,5xemay1422.xml
49B151183,5xemay1430.xml
71C236563,5xemay1444.xml
59F176597,5xemay1450.xml
63V50914,5xemay1459.xml
62K109571,5xemay1487.xml
59F182787,5xemay1493.xml
76U115178,5xemay1497.xml
69599U113,5xemay15.xml
51F69090,5xemay1503.xml
59S199891,5xemay1505.xml
59C256237,5xemay1535.xml
43G113684,5xemay1538.xml
59G186895,5xemay1547.xml
59K18301,5xemay1561.xml
59F113230,5xemay1575.xml
59C130543,5xemay1584.xml
59H152576,5xemay1588.xml
49B145348,5xemay1590.xml
92H142107,5xemay1592.xml
16P96204,5xemay1594.xml
59F125123,5xemay1602.xml
47M74206,5xemay163.xml
79M22094,5xemay1646.xml
79M125990,5xemay1680.xml
59C170773,5xemay1694.xml
59V177832,5xemay1697.xml
52M90589,5xemay1699.xml
52Y65446,5xemay1735.xml
30N45882,5xemay1745.xml
59F138151,5xemay1747.xml
59V183357,5xemay1754.xml
61D100626,5xemay1767.xml
59H133046,5xemay1772.xml
68F55727,5xemay1774.xml
59S131386,5xemay1788.xml
59H119374,5xemay1793.xml
59D162787,5xemay1811.xml
59U166141,5xemay182.xml
59L106458,5xemay1824.xml
59Y144665,5xemay1827.xml
60B555723,5xemay1829.xml
72F120741,5xemay1843.xml
60F110494,5xemay186.xml
95G101643,5xemay1904.xml
59L202084,5xemay1910.xml
52U44702,5xemay1940.xml
59M190977,5xemay1951.xml
60B33534,5xemay1957.xml
59L206377,5xemay1962.xml
67F111317,5xemay1971.xml
59M103519,5xemay1977.xml
59S220617,5xemay1993.xml
59H154986,5xemay1996.xml
59D166974,5xemay200.xml
51L74255,5xemay2008.xml
38Z10084,5xemay2023.xml
5B131149,5xemay204.xml
66G115723,5xemay2051.xml
86B624682,5xemay2065.xml
59P229729,5xemay207.xml
59C142818,5xemay2106.xml
59X277399,5xemay2120.xml
72L63974,5xemay2142.xml
54S73211,5xemay2143.xml
49K107370,5xemay2168.xml
52T76433,5xemay2177.xml
71H19657,5xemay2181.xml
59F147488,5xemay225.xml
52H99892,5xemay2262.xml
59L205442,5xemay2304.xml
59T118362,5xemay2309.xml
59X160210,5xemay231.xml
54T12473,5xemay2317.xml
59L223714,5xemay232.xml
59L102765,5xemay2320.xml
59S114883,5xemay234.xml
95P211206,5xemay2350.xml
66L135224,5xemay2355.xml
59C168612,5xemay2384.xml
59Z127275,5xemay242.xml
77L100895,5xemay2438.xml
54F30096,5xemay2445.xml
51R56273,5xemay2470.xml
59P141818,5xemay2475.xml
84G122593,5xemay2488.xml
59X281467,5xemay253.xml
59F114760,5xemay255.xml
95F111167,5xemay26.xml
59C139780,5xemay274.xml
59E164141,5xemay295.xml
55X17546,5xemay296.xml
59V187754,5xemay309.xml
59Y160811,5xemay314.xml
59P231316,5xemay324.xml
59E125297,5xemay325.xml
54P11782,5xemay340.xml
51L33664,5xemay342.xml
59P220947,5xemay346.xml
59S168287,5xemay367.xml
54X95114,5xemay394.xml
T14628095,5xemay4.xml
4171F0085,5xemay40.xml
79K78987,5xemay406.xml
59C245633,5xemay450.xml
59X149369,5xemay453.xml
49K107320,5xemay473.xml
5R627351,5xemay48.xml
59C131162,5xemay491.xml
52T76433,5xemay492.xml
76V63429,5xemay502.xml
55P62004,5xemay531.xml
59S135252,5xemay533.xml
63B132004,5xemay541.xml
59U157674,5xemay550.xml
86C107261,5xemay551.xml
59E119803,5xemay563.xml
56P25963,5xemay576.xml
63HH1295,5xemay580.xml
59S195382,5xemay583.xml
79U24621,5xemay597.xml
59L205442,5xemay606.xml
59L156722,5xemay620.xml
59P152639,5xemay625.xml
59T166153,5xemay628.xml
59E153127,5xemay656.xml
63B963040,5xemay662.xml
52F73880,5xemay669.xml
54L29072,5xemay687.xml
59L116392,5xemay689.xml
59X137438,5xemay695.xml
16M90826,5xemay715.xml
60B337846,5xemay726.xml
59E153127,5xemay733.xml
59B138559,5xemay734.xml
54Z12997,5xemay753.xml
59P192893,5xemay767.xml
59P124497,5xemay802.xml
59F142819,5xemay804.xml
59L181006,5xemay811.xml
86B341492,5xemay82.xml
59H135460,5xemay851.xml
66H60786,5xemay852.xml
59F170424,5xemay86.xml
59L211500,5xemay863.xml
53Y35614,5xemay868.xml
49L101241,5xemay878.xml
59P186084,5xemay889.xml
59C252795,5xemay891.xml
54P72138,5xemay897.xml
60FL7420,5xemay916.xml
59X255150,5xemay943.xml
59U184366,5xemay952.xml
54H35581,5xemay959.xml
67M120886,5xemay961.xml
67M59687,5xemay969.xml
59P178999,5xemay982.xml
53S39152,5xemay996.xml
5IF22261,6CarLongPlate11.xml
51F06532,6CarLongPlate114.xml
51A72078,6CarLongPlate126.xml
51A05227,6CarLongPlate136.xml
51G25181,6CarLongPlate137.xml
51F59011,6CarLongPlate187.xml
51G10096,6CarLongPlate199.xml
51A02923,6CarLongPlate202.xml
51A16598,6CarLongPlate205.xml
51G443131,6CarLongPlate22.xml
51G39466,6CarLongPlate249.xml
51A89714,6CarLongPlate270.xml
51A89714,6CarLongPlate272.xml
51A45974,6CarLongPlate285.xml
5IA45974,6CarLongPlate286.xml
51G51332,6CarLongPlate288.xml
52P5688,6CarLongPlate298.xml
51G31691,6CarLongPlate3.xml
51A16598,6CarLongPlate321.xml
51G49539,6CarLongPlate322.xml
62A05772,6CarLongPlate353.xml
51F24403,6CarLongPlate376.xml
51G47281,6CarLongPlate400.xml
51F06532,6CarLongPlate405.xml
51F68784,6CarLongPlate412.xml
51G51936,6CarLongPlate445.xml
51A96141,6CarLongPlate463.xml
51G51008,6CarLongPlate470.xml
51F24403,6CarLongPlate472.xml
1F04275,6CarLongPlate493.xml
51F73420,6CarLongPlate501.xml
51F24476,6CarLongPlate506.xml
51F07973,6CarLongPlate536.xml
51A77529,6CarLongPlate543.xml
51F88270,6CarLongPlate552.xml
51A96141,6CarLongPlate585.xml
50LD04411,6CarLongPlate632.xml
51F63034,6CarLongPlate638.xml
56S4698,6CarLongPlate64.xml
51F07973,6CarLongPlate668.xml
51F16159,6CarLongPlate687.xml
51A89714,6CarLongPlate699.xml
51A60216,6CarLongPlate702.xml
60A35981,6CarLongPlate732.xml
61A30001,6CarLongPlate740.xml
61A30001,6CarLongPlate741.xml
51F02687,6CarLongPlate743.xml
51G49160,6CarLongPlate755.xml
50LD04411,6CarLongPlate762.xml
48A05177,6CarLongPlate776.xml
51F68784,6CarLongPlate79.xml
51F44614,6CarLongPlate803.xml
51G51008,6CarLongPlate805.xml
51F07973,6CarLongPlate817.xml
51A55433,6CarLongPlate821.xml
51G10209,6CarLongPlate830.xml
51G51008,6CarLongPlate832.xml
59D231916,6CarLongPlate843.xml
61A22959,6CarLongPlate867.xml
51F77836,6CarLongPlate882.xml
51A89714,6CarLongPlate890.xml
51A75932,6CarLongPlate899.xml
29A51796,6CarLongPlate906.xml
51A05227,6CarLongPlate915.xml
51A96141,6CarLongPlate944.xml
51A96141,6CarLongPlate948.xml
51G51332,6CarLongPlate954.xml
51G37307,6CarLongPlate978.xml
51F13251,6CarLongPlate982.xml
51F58214,6CarLongPlate992.xml
PU938CE,6PlateBaza117.xml
MA356M,6PlateBaza121.xml
DJ94AAE,6PlateBaza189.xml
ZG312VZ,6PlateBaza196.xml
GPJ442,6PlateBaza202.xml
ZG9807E,6PlateBaza213.xml
KA570CD,6PlateBaza227.xml
ZG9353AA,6PlateBaza233.xml
MMM7780,6PlateBaza257.xml
ZG348CR,6PlateBaza263.xml
ZG8941N,6PlateBaza269.xml
ZG902ZG,6PlateBaza271.xml
ZG977TT,6PlateBaza282.xml
PZ898A0,6PlateBaza285.xml
GS592AC,6PlateBaza306.xml
ZG715FB,6PlateBaza334.xml
ZG9043B,6PlateBaza347.xml
ZG636RG,6PlateBaza379.xml
ZG162LC,6PlateBaza38.xml
FMG547,6PlateBaza404.xml
ZG3209F,6PlateBaza413.xml
ZG160DU,6PlateBaza438.xml
RI393BD,6PlateBaza484.xml
ZG270JB,6PlateBaza505.xml
59H154986,6xemay10.xml
59H153561,6xemay114.xml
63Y10200,6xemay118.xml
59T177207,6xemay135.xml
59F149271,6xemay138.xml
72F120613,6xemay143.xml
59F149271,6xemay145.xml
59P220947,6xemay151.xml
59G133671,6xemay165.xml
82K37689,6xemay171.xml
59P117980,6xemay172.xml
60B325220,6xemay178.xml
37H107918,6xemay18.xml
51S84605,6xemay180.xml
59P133202,6xemay181.xml
71B158070,6xemay185.xml
72F120741,6xemay191.xml
59N187515,6xemay193.xml
51Z30606,6xemay196.xml
54L39902,6xemay197.xml
54S55036,6xemay199.xml
59L206377,6xemay2.xml
51F84779,6xemay20.xml
59H146704,6xemay201.xml
59C211894,6xemay203.xml
59F175291,6xemay208.xml
60FP1469,6xemay210.xml
54T56168,6xemay213.xml
54V58964,6xemay214.xml
79H120023,6xemay215.xml
59T192270,6xemay216.xml
59H197582,6xemay219.xml
59F107509,6xemay22.xml
67B140833,6xemay223.xml
59H156390,6xemay224.xml
59U156141,6xemay227.xml
54T30255,6xemay230.xml
59S159484,6xemay240.xml
61C106403,6xemay243.xml
59Y142323,6xemay244.xml
59L229477,6xemay245.xml
59E164141,6xemay247.xml
76V63429,6xemay249.xml
59V215800,6xemay263.xml
59C224729,6xemay264.xml
51L82105,6xemay266.xml
60C232301,6xemay275.xml
59T161654,6xemay280.xml
59C25920,6xemay286.xml
54Y38211,6xemay287.xml
77F130541,6xemay29.xml
59V184031,6xemay30.xml
59S111289,6xemay310.xml
72F120741,6xemay316.xml
85B117851,6xemay318.xml
67C105355,6xemay33.xml
71C236423,6xemay331.xml
59T155500,6xemay332.xml
93P117409,6xemay334.xml
66P15967,6xemay336.xml
63B957926,6xemay34.xml
72L21703,6xemay343.xml
54Z28101,6xemay345.xml
59T153668,6xemay349.xml
59N169575,6xemay35.xml
52F64378,6xemay352.xml
38Z10084,6xemay353.xml
72C112511,6xemay357.xml
86H79591,6xemay360.xml
62H136169,6xemay364.xml
59E108058,6xemay366.xml
59L159150,6xemay368.xml
51Y67665,6xemay369.xml
66G115723,6xemay37.xml
55P44641,6xemay370.xml
95DB01179,6xemay375.xml
59H121704,6xemay377.xml
70SA0367,6xemay380.xml
54U51223,6xemay381.xml
79N160529,6xemay382.xml
N65519,6xemay397.xml
59V159716,6xemay402.xml
59L231395,6xemay407.xml
65S21319,6xemay41.xml
51H48354,6xemay419.xml
81B161386,6xemay421.xml
59N125521,6xemay422.xml
59T128966,6xemay425.xml
59F156129,6xemay426.xml
59C230513,6xemay427.xml
59H121704,6xemay432.xml
59C148275,6xemay433.xml
81B126810,6xemay44.xml
59X277399,6xemay440.xml
51K28501,6xemay441.xml
59G187671,6xemay442.xml
59X278848,6xemay443.xml
56P19074,6xemay444.xml
59K162404,6xemay446.xml
59P224979,6xemay449.xml
83H66954,6xemay451.xml
59X235479,6xemay455.xml
59L194176,6xemay456.xml
59P201920,6xemay457.xml
59V200884,6xemay458.xml
54S73211,6xemay461.xml
59D200428,6xemay463.xml
49H71975,6xemay464.xml
68T90223,6xemay466.xml
59C132428,6xemay470.xml
59L213938,6xemay472.xml
50HB2282,6xemay477.xml
59E134192,6xemay480.xml
59T184807,6xemay481.xml
B537011,6xemay485.xml
62V16814,6xemay487.xml
70G113509,6xemay493.xml
71H19657,6xemay496.xml
59T108264,6xemay5.xml
94D104771,6xemay500.xml
59V200884,6xemay503.xml
51S25013,6xemay508.xml
59L191651,6xemay510.xml
60B206370,6xemay512.xml
60B325220,6xemay515.xml
48B128807,6xemay516.xml
68H74213,6xemay52.xml
59P112875,6xemay524.xml
54H15326,6xemay527.xml
59V189158,6xemay528.xml
59H160077,6xemay529.xml
72C112511,6xemay53.xml
59D143391,6xemay534.xml
64K47483,6xemay535.xml
54P72138,6xemay538.xml
54Z87524,6xemay54.xml
60X94808,6xemay540.xml
59H159324,6xemay548.xml
54L42110,6xemay549.xml
54H15326,6xemay553.xml
69D105661,6xemay554.xml
77C139373,6xemay555.xml
59E119283,6xemay559.xml
59N176654,6xemay567.xml
51L34827,6xemay569.xml
59K164227,6xemay575.xml
54K48147,6xemay577.xml
71B239897,6xemay579.xml
59T188808,6xemay58.xml
59S153418,6xemay582.xml
59S244717,6xemay584.xml
59F109031,6xemay588.xml
78E124113,6xemay589.xml
67E105420,6xemay590.xml
59F158405,6xemay595.xml
76H117550,6xemay603.xml
59X236167,6xemay607.xml
77D112938,6xemay609.xml
59U139997,6xemay611.xml
95P26027,6xemay614.xml
71B289837,6xemay615.xml
54T12473,6xemay618.xml
59E129660,6xemay623.xml
59T146101,6xemay624.xml
59H152850,6xemay627.xml
53R50201,6xemay632.xml
86B621890,6xemay640.xml
79C122177,6xemay641.xml
59S110393,6xemay647.xml
59P211206,6xemay648.xml
59E117936,6xemay651.xml
66L135224,6xemay652.xml
59C161891,6xemay654.xml
59V208341,6xemay655.xml
67H103655,6xemay658.xml
49E115383,6xemay660.xml
51K28501,6xemay664.xml
59H167791,6xemay676.xml
49B131215,6xemay68.xml
53Z11759,6xemay680.xml
59L145900,6xemay681.xml
81H12204,6xemay684.xml
59U159175,6xemay686.xml
62H27327,6xemay69.xml
63B216353,6xemay691.xml
59L205442,6xemay697.xml
54L24264,6xemay70.xml
60B157122,6xemay84.xml
59P141818,6xemay85.xml
59X268327,6xemay90.xml
51L73998,6xemay96.xml
84G122593,6xemay97.xml
52P50334,6xemay99.xml
59B133872,7xemay1573.xml
50T27594,7xemay1583.xml
77G125759,7xemay1643.xml
54U24957,7xemay1650.xml
59L227345,7xemay1664.xml
59U191897,7xemay1696.xml
54T34538,7xemay1705.xml
63Y10200,7xemay1744.xml
59S131386,7xemay1760.xml
59X154497,7xemay1776.xml
59C251109,7xemay1785.xml
59F120158,7xemay1804.xml
59U139619,7xemay1807.xml
59G133671,7xemay1814.xml
59B100002,7xemay1820.xml
51Z30606,7xemay1848.xml
47B142872,7xemay1850.xml
60B531402,7xemay1874.xml
60Y73914,7xemay1922.xml
63B138786,7xemay1947.xml
59S218904,7xemay1973.xml
63B957926,7xemay2018.xml
59V107473,7xemay2040.xml
55P44641,7xemay2042.xml
59K165072,7xemay2045.xml
71B251318,7xemay2094.xml
51H48354,7xemay2097.xml
51K28501,7xemay2121.xml
59T159973,7xemay2186.xml
72F135507,7xemay2227.xml
92D142705,7xemay2265.xml
68H74213,7xemay2273.xml
86C133139,7xemay2280.xml
59T138506,7xemay2289.xml
59F158405,7xemay2291.xml
59T108264,7xemay2295.xml
65F131532,7xemay2340.xml
59B131489,7xemay2428.xml
94H41831,7xemay2484.xml
51F16159,8CarLongPlate265.xml
51G31691,8CarLongPlate317.xml
51G10209,8CarLongPlate373.xml
51A85325,8CarLongPlate397.xml
51A89714,8CarLongPlate460.xml
93LD01030,8CarLongPlate546.xml
93LD00103,8CarLongPlate547.xml
51G21670,8CarLongPlate563.xml
51G51332,8CarLongPlate597.xml
51F15585,8CarLongPlate598.xml
51F02687,8CarLongPlate608.xml
51F49142,8CarLongPlate616.xml
51G01440,8CarLongPlate651.xml
51C59323,8CarLongPlate653.xml
51F44614,8CarLongPlate709.xml
51F59011,8CarLongPlate733.xml
51F59011,8CarLongPlate738.xml
51F15585,8CarLongPlate849.xml
51F13251,8CarLongPlate871.xml
HRZG4932S,8PlateBaza276.xml
ZG961EG,8PlateBaza302.xml
NG179AC,8PlateBaza499.xml
63Y10200,8xemay101.xml
55P92840,8xemay1016.xml
54T34407,8xemay1103.xml
37H110401,8xemay1160.xml
59V152755,8xemay1182.xml
59B119220,8xemay1193.xml
54X72899,8xemay1199.xml
51L32640,8xemay1219.xml
55P80762,8xemay1220.xml
54S88080,8xemay1279.xml
52T74640,8xemay1308.xml
59X262271,8xemay1391.xml
59F175031,8xemay1436.xml
59S195762,8xemay1522.xml
61B136588,8xemay1558.xml
60B558583,8xemay1647.xml
59E163978,8xemay1656.xml
47K108279,8xemay166.xml
73G117544,8xemay1689.xml
59E104744,8xemay1723.xml
59F116692,8xemay1729.xml
59M535611,8xemay1758.xml
59F112329,8xemay1847.xml
59L184759,8xemay1884.xml
72C136087,8xemay189.xml
55S114883,8xemay1891.xml
63B957926,8xemay1896.xml
59S159484,8xemay1898.xml
66L135224,8xemay1964.xml
59L178582,8xemay1978.xml
59S227831,8xemay1995.xml
54H15326,8xemay2245.xml
79U24621,8xemay2293.xml
62K117929,8xemay2336.xml
52F41035,8xemay2411.xml
60B337846,8xemay2439.xml
59U151771,8xemay2456.xml
51L41138,8xemay2466.xml
59E103640,8xemay261.xml
93P106312,8xemay265.xml
52U44702,8xemay27.xml
63B703323,8xemay354.xml
59C100507,8xemay43.xml
59F145842,8xemay462.xml
66S109018,8xemay478.xml
60B562583,8xemay498.xml
61H59381,8xemay626.xml
69AB02673,8xemay696.xml
54L36961,8xemay739.xml
49E115383,8xemay752.xml
63B957926,8xemay8.xml
59B125157,8xemay854.xml
59C123083,8xemay881.xml
59M107790,8xemay899.xml
71B140140,8xemay926.xml
59S124831,8xemay927.xml
59Z119632,8xemay937.xml
51L54520,8xemay962.xml
59P232334,8xemay979.xml
55Y48437,8xemay984.xml
51G29034,9CarLongPlate132.xml
29A51796,9CarLongPlate57.xml
51A72110,9CarLongPlate703.xml
51G01177,9CarLongPlate780.xml
51F63034,9CarLongPlate790.xml
51F55881,9CarLongPlate814.xml
55E121500,9xemay1.xml
81G113556,9xemay1012.xml
55X86970,9xemay1020.xml
54F24106,9xemay1029.xml
54T40987,9xemay1046.xml
79Z15804,9xemay1084.xml
59K144076,9xemay1111.xml
60B715461,9xemay1127.xml
49E139941,9xemay1159.xml
77F125389,9xemay1162.xml
59U13868,9xemay1163.xml
81B137963,9xemay1190.xml
79Z110184,9xemay1278.xml
54V66004,9xemay129.xml
54S58960,9xemay1301.xml
68LA00776,9xemay1311.xml
78E124113,9xemay1351.xml
59N187957,9xemay1355.xml
54N95449,9xemay1359.xml
54V39264,9xemay1362.xml
77X69544,9xemay1410.xml
59A308642,9xemay1427.xml
59U162231,9xemay1438.xml
67C108347,9xemay1471.xml
83C117111,9xemay1474.xml
59V218744,9xemay1489.xml
54S22148,9xemay153.xml
94B119580,9xemay1533.xml
59E150988,9xemay1577.xml
59P215270,9xemay1621.xml
50N112582,9xemay1626.xml
59K169323,9xemay1640.xml
59T192715,9xemay1644.xml
59F113860,9xemay1675.xml
59M153773,9xemay1700.xml
59U159897,9xemay1743.xml
4477B1228,9xemay1813.xml
85D101611,9xemay188.xml
59F112329,9xemay195.xml
77F113054,9xemay1963.xml
59N176654,9xemay2260.xml
59L184759,9xemay228.xml
54S89169,9xemay256.xml
63B138776,9xemay285.xml
59X20354,9xemay298.xml
77C139373,9xemay333.xml
51H22212,9xemay350.xml
5T1510029,9xemay372.xml
59X256462,9xemay384.xml
60B223567,9xemay475.xml
54S85489,9xemay621.xml
59B122119,9xemay629.xml
59E155040,9xemay630.xml
62K117299,9xemay650.xml
59C13631,9xemay653.xml
59C168612,9xemay67.xml
52U62655,9xemay720.xml
59U151771,9xemay741.xml
71B111345,9xemay742.xml
52F37485,9xemay759.xml
59L189475,9xemay820.xml
59T146685,9xemay825.xml
54S22148,9xemay832.xml
59E172361,9xemay845.xml
81G113556,9xemay885.xml
54X45569,9xemay94.xml
59C160771,9xemay953.xml
61S40134,9xemay985.xml
59M190208,9xemay987.xml
59U113629,9xemay998.xml
9B52145,iwt10.xml
6B94558,iwt11.xml
BVJ6411,iwt110.xml
879697B,iwt111.xml
BVJ6411,iwt112.xml
1B94686,iwt113.xml
44B8390,iwt114.xml
44B8390,iwt115.xml
4B27433,iwt116.xml
35B2977,iwt117.xml
888B391,iwt118.xml
5B28893,iwt119.xml
CZ8B90164,iwt12.xml
C5B11118,iwt13.xml
8B79697,iwt14.xml
8B90164,iwt15.xml
5B11118,iwt16.xml
5Z40118,iwt17.xml
22B0174,iwt18.xml
1B76642,iwt19.xml
5C48306,iwt20.xml
33B8140,iwt21.xml
38B0217,iwt210.xml
77B1030,iwt211.xml
980448B,iwt212.xml
7B91102,iwt213.xml
1TA5882,iwt214.xml
7B14439,iwt215.xml
4M98861,iwt216.xml
2B17551,iwt217.xml
88,iwt218.xml
9B33886,iwt219.xml
4B10036,iwt22.xml
8B71140,iwt220.xml
4B20773,iwt221.xml
3B04082,iwt222.xml
1J24813,iwt223.xml
11BC446,iwt224.xml
555B776,iwt225.xml
66B7495,iwt226.xml
BZP2087,iwt227.xml
5C99388,iwt228.xml
2B65550,iwt229.xml
1BD0673,iwt23.xml
03AI851,iwt230.xml
8,iwt231.xml
87B1159,iwt232.xml
3AI0851,iwt233.xml
18B2370,iwt234.xml
9B84391,iwt235.xml
2B13579,iwt236.xml
5B08436,iwt237.xml
4AF9553,iwt238.xml
22B5539,iwt239.xml
4B50118,iwt24.xml
7B00448,iwt240.xml
8866B34,iwt241.xml
47B1157,iwt242.xml
7B29430,iwt243.xml
7B66123,iwt244.xml
22B8899,iwt245.xml
66B7033,iwt246.xml
99B8475,iwt247.xml
11BB885,iwt248.xml
6B50043,iwt249.xml
6B51255,iwt25.xml
6B00032,iwt250.xml
44B5996,iwt251.xml
77B5830,iwt252.xml
BZC4993,iwt253.xml
331BB68,iwt254.xml
1B0888A,iwt255.xml
9B49365,iwt256.xml
566B200,iwt257.xml
08B6472,iwt258.xml
33Z6187,iwt259.xml
4B20466,iwt26.xml
4AZ3802,iwt260.xml
777B526,iwt261.xml
2Z52689,iwt262.xml
6B88304,iwt263.xml
44E0023,iwt264.xml
7B40988,iwt265.xml
7B94261,iwt266.xml
1115B49,iwt267.xml
922B748,iwt268.xml
9B66440,iwt269.xml
5C5,iwt27.xml
1B88551,iwt270.xml
57B9843,iwt271.xml
999B572,iwt272.xml
5B11194,iwt273.xml
5B11300,iwt274.xml
1BA3428,iwt275.xml
1BD0679,iwt276.xml
95B8820,iwt277.xml
1,iwt28.xml
932,iwt29.xml
4E02304,iwt30.xml
9B43104,iwt31.xml
0M64219,iwt310.xml
1B00052,iwt3100.xml
773194,iwt3101.xml
9B14115,iwt3102.xml
BZL5568,iwt3103.xml
2E67175,iwt3104.xml
5733B48,iwt3105.xml
3K22997,iwt3106.xml
44B9961,iwt3107.xml
88B6662,iwt3108.xml
6B03119,iwt3109.xml
555B031,iwt311.xml
8886662,iwt3110.xml
27B3416,iwt3111.xml
688T405,iwt3112.xml
54AC710,iwt3113.xml
011BC46,iwt3114.xml
688B214,iwt3115.xml
43B6085,iwt3116.xml
44B6621,iwt3117.xml
17568B4,iwt3118.xml
4B82295,iwt3119.xml
1555Z07,iwt312.xml
4B22718,iwt3120.xml
777B229,iwt3121.xml
9333BMZ,iwt3122.xml
BBZ1229,iwt3123.xml
22M5948,iwt3124.xml
883077B,iwt3125.xml
B999700,iwt3126.xml
006B799,iwt3127.xml
77B5285,iwt3128.xml
5222B39,iwt3129.xml
90665B7,iwt3130.xml
7B14095,iwt3131.xml
5B89547,iwt3132.xml
8B66512,iwt3133.xml
251BB73,iwt3134.xml
327768B,iwt3135.xml
B666142,iwt3136.xml
255B667,iwt3137.xml
77B8820,iwt3138.xml
55H6804,iwt3139.xml
9966B80,iwt3140.xml
7B27254,iwt317.xml
4AX9660,iwt318.xml
3B60372,iwt319.xml
BZL4085,iwt32.xml
1B61178,iwt320.xml
9B88363,iwt321.xml
5,iwt322.xml
7B1215,iwt323.xml
9B30130,iwt324.xml
9B30130,iwt325.xml
1BA1114,iwt326.xml
9B88363,iwt327.xml
5B06256,iwt328.xml
1BA1114,iwt329.xml
7B14095,iwt33.xml
9B30034,iwt330.xml
5B20773,iwt331.xml
8B26229,iwt332.xml
2B57127,iwt338.xml
1BC6703,iwt339.xml
1BA2905,iwt34.xml
7B11607,iwt340.xml
4B07003,iwt341.xml
8B53308,iwt342.xml
9B13973,iwt343.xml
5B57928,iwt344.xml
5B99527,iwt345.xml
05338,iwt346.xml
3SA6413,iwt347.xml
4AF9553,iwt348.xml
1Z35206,iwt349.xml
6C71390,iwt35.xml
8B41958,iwt350.xml
3Z63187,iwt351.xml
2SZ4642,iwt352.xml
6B89358,iwt353.xml
2B38280,iwt354.xml
6B34859,iwt355.xml
4B76148,iwt356.xml
8B81013,iwt357.xml
7B88517,iwt358.xml
1B27247,iwt359.xml
8B46851,iwt36.xml
BZP6480,iwt360.xml
1BA8370,iwt361.xml
BZP6480,iwt362.xml
5J04027,iwt363.xml
7B65585,iwt364.xml
9B91420,iwt365.xml
8B60552,iwt366.xml
5B38434,iwt367.xml
7B44167,iwt368.xml
3B41980,iwt369.xml
6B45459,iwt37.xml
8B69588,iwt370.xml
2AX4938,iwt371.xml
7B30135,iwt372.xml
2AX4938,iwt373.xml
5B77379,iwt374.xml
7B73485,iwt375.xml
BZL3400,iwt376.xml
4B60620,iwt377.xml
3B09932,iwt378.xml
8T77462,iwt379.xml
4B82840,iwt38.xml
9T19202,iwt380.xml
9B45193,iwt381.xml
1B70230,iwt382.xml
8B47318,iwt383.xml
1BI2138,iwt384.xml
7B46204,iwt385.xml
5B23615,iwt386.xml
2B76686,iwt387.xml
8B03653,iwt388.xml
1E59706,iwt389.xml
4M34462,iwt39.xml
1BB9110,iwt390.xml
5B24546,iwt391.xml
9B29274,iwt392.xml
9B13772,iwt393.xml
8B77932,iwt394.xml
2B97325,iwt395.xml
7B76600,iwt396.xml
9B98777,iwt397.xml
2875836,iwt398.xml
8B22920,iwt399.xml
4M26776,iwt40.xml
1B49951,iwt41.xml
FMR4437,iwt410.xml
3M46918,iwt411.xml
8B70688,iwt412.xml
1BC5191,iwt413.xml
1BC0525,iwt414.xml
3B37902,iwt415.xml
3B88729,iwt416.xml
1BB8887,iwt417.xml
5B97425,iwt418.xml
4B42029,iwt419.xml
8B91698,iwt42.xml
1B87819,iwt420.xml
5B97425,iwt421.xml
5B29670,iwt422.xml
7B27150,iwt423.xml
4AT7962,iwt424.xml
7B08199,iwt425.xml
7B14156,iwt426.xml
56,iwt427.xml
5M56740,iwt428.xml
7B14156,iwt429.xml
1BC5138,iwt43.xml
9T33366,iwt430.xml
B8547,iwt431.xml
7B31505,iwt432.xml
DT612BC,iwt433.xml
7B32443,iwt434.xml
7B30332,iwt435.xml
1BD4657,iwt436.xml
6B28800,iwt437.xml
3T16754,iwt438.xml
BMZ0815,iwt439.xml
8T43418,iwt44.xml
3B95265,iwt440.xml
6B23451,iwt441.xml
7,iwt442.xml
8B11062,iwt443.xml
3B48296,iwt444.xml
2Z96418,iwt445.xml
2E73609,iwt446.xml
8B10732,iwt447.xml
BZE7277,iwt448.xml
9B43101,iwt449.xml
LL435JG,iwt45.xml
4,iwt450.xml
76,iwt451.xml
4B56396,iwt452.xml
9B78701,iwt453.xml
BZJ2990,iwt454.xml
9B46988,iwt455.xml
5H85564,iwt456.xml
3AJ8930,iwt457.xml
BZ04966,iwt458.xml
B8121,iwt459.xml
8T32290,iwt46.xml
4B83172,iwt460.xml
1BI1710,iwt461.xml
3B60832,iwt462.xml
2B45270,iwt463.xml
6B84949,iwt464.xml
6B84994,iwt465.xml
3B75763,iwt466.xml
8T52099,iwt467.xml
2AB5896,iwt468.xml
4B46694,iwt469.xml
6B48927,iwt47.xml
4B84489,iwt470.xml
BZN1065,iwt471.xml
2AN1199,iwt472.xml
SI625BC,iwt473.xml
9B36205,iwt474.xml
9B13198,iwt475.xml
8B68508,iwt476.xml
8B68508,iwt477.xml
9B11445,iwt478.xml
BZ00524,iwt479.xml
B13AEB,iwt48.xml
BZI0346,iwt480.xml
33B0411,iwt481.xml
6B48882,iwt482.xml
99B8852,iwt483.xml
2B90178,iwt484.xml
7B59983,iwt485.xml
7B11123,iwt486.xml
9B65431,iwt49.xml
9B52145,iwt50.xml
6B94558,iwt51.xml
BVJ6114,iwt510.xml
8B79697,iwt511.xml
BVJ6411,iwt512.xml
1B94668,iwt513.xml
44B8390,iwt514.xml
44B8390,iwt515.xml
44B2733,iwt516.xml
5B29773,iwt517.xml
888B391,iwt518.xml
5B28893,iwt519.xml
8B90164,iwt52.xml
5B11118,iwt53.xml
8B79967,iwt54.xml
8B90164,iwt55.xml
5B11118,iwt56.xml
5Z40118,iwt57.xml
22B0174,iwt58.xml
41B7662,iwt59.xml
5C48306,iwt60.xml
33B8140,iwt61.xml
8B02173,iwt610.xml
7B10307,iwt611.xml
9B66440,iwt612.xml
7B91102,iwt613.xml
1AT5882,iwt614.xml
7B14439,iwt615.xml
4M98861,iwt616.xml
211B755,iwt617.xml
BZH8389,iwt618.xml
9B38368,iwt619.xml
4B10036,iwt62.xml
8B71401,iwt620.xml
4B20773,iwt621.xml
3B00482,iwt622.xml
11J2483,iwt623.xml
11BC446,iwt624.xml
55577B6,iwt625.xml
66B7495,iwt626.xml
BZP2087,iwt627.xml
5C99883,iwt628.xml
2B65550,iwt629.xml
1BD0673,iwt63.xml
3AI0851,iwt630.xml
2SE8601,iwt631.xml
7B11859,iwt632.xml
3AI0851,iwt633.xml
8B23170,iwt634.xml
9B84391,iwt635.xml
2B13579,iwt636.xml
5B08436,iwt637.xml
4AF9553,iwt638.xml
2B52739,iwt639.xml
4B50811,iwt64.xml
7B00844,iwt640.xml
6B68384,iwt641.xml
7B11574,iwt642.xml
7B29430,iwt643.xml
7B66123,iwt644.xml
2B88992,iwt645.xml
66B7033,iwt646.xml
99B847,iwt647.xml
11BB885,iwt648.xml
6B50034,iwt649.xml
6B55512,iwt65.xml
6000B32,iwt650.xml
44B5996,iwt651.xml
77B5830,iwt652.xml
BZC4939,iwt653.xml
1BB6338,iwt654.xml
1BA0888,iwt655.xml
99B4365,iwt656.xml
6B26005,iwt657.xml
8B64702,iwt658.xml
3Z63187,iwt659.xml
4B02466,iwt66.xml
4AZ3802,iwt660.xml
7B57267,iwt661.xml
2Z52689,iwt662.xml
6B88304,iwt663.xml
44E0023,iwt664.xml
7B40988,iwt665.xml
7B94261,iwt666.xml
5B11149,iwt667.xml
2B74289,iwt668.xml
9B66440,iwt669.xml
5C65578,iwt67.xml
1B88551,iwt670.xml
7B98543,iwt671.xml
9B59972,iwt672.xml
5B11149,iwt673.xml
5B11300,iwt674.xml
1BA3428,iwt675.xml
1BD0679,iwt676.xml
5882908,iwt677.xml
8ZO1223,iwt68.xml
ZNE2339,iwt69.xml
4E02304,iwt70.xml
9B43304,iwt71.xml
6M04291,iwt710.xml
1B00052,iwt7100.xml
77B1493,iwt7101.xml
9B11405,iwt7102.xml
55BZL68,iwt7103.xml
2E6775,iwt7104.xml
54383B7,iwt7105.xml
73K2992,iwt7106.xml
449916B,iwt7107.xml
B886662,iwt7108.xml
6B03119,iwt7109.xml
555B031,iwt711.xml
8886662,iwt7110.xml
2B73416,iwt7111.xml
650488T,iwt7112.xml
AC45710,iwt7113.xml
0461CB1,iwt7114.xml
184B628,iwt7115.xml
8B36054,iwt7116.xml
4B42616,iwt7117.xml
64BB157,iwt7118.xml
4B82295,iwt7119.xml
5Z15507,iwt712.xml
4B22718,iwt7120.xml
777B229,iwt7121.xml
9333BMZ,iwt7122.xml
ZBB1922,iwt7123.xml
22M5948,iwt7124.xml
8877B30,iwt7125.xml
009997B,iwt7126.xml
99006B7,iwt7127.xml
77B5285,iwt7128.xml
3B22259,iwt7129.xml
444Z207,iwt713.xml
90667B5,iwt7130.xml
7B14095,iwt7131.xml
55498B7,iwt7132.xml
8B66512,iwt7133.xml
2573BB1,iwt7134.xml
2B77368,iwt7135.xml
666B241,iwt7136.xml
55B2667,iwt7137.xml
77B8820,iwt7138.xml
048H655,iwt7139.xml
3S86899,iwt714.xml
9960B86,iwt7140.xml
99B3327,iwt715.xml
77B6665,iwt716.xml
77B2254,iwt717.xml
4AX9660,iwt718.xml
33B6072,iwt719.xml
BZL4085,iwt72.xml
111B678,iwt720.xml
889B336,iwt721.xml
7B11125,iwt722.xml
51117B2,iwt723.xml
9B33001,iwt724.xml
1339B00,iwt725.xml
1111BA4,iwt726.xml
9B68833,iwt727.xml
55B0662,iwt728.xml
1111BA4,iwt729.xml
7B14095,iwt73.xml
9B33004,iwt730.xml
5B20377,iwt731.xml
8B22266,iwt732.xml
1B37208,iwt733.xml
822Z569,iwt734.xml
2B46175,iwt735.xml
77B6663,iwt736.xml
3300BL4,iwt737.xml
22B5771,iwt738.xml
1BC6703,iwt739.xml
1BA2905,iwt74.xml
77B1160,iwt740.xml
0004B73,iwt741.xml
33088B5,iwt742.xml
B913397,iwt743.xml
7255B98,iwt744.xml
5B99527,iwt745.xml
9B83305,iwt746.xml
3SA6413,iwt747.xml
34AF955,iwt748.xml
1Z35206,iwt749.xml
67C1390,iwt75.xml
8B41985,iwt750.xml
33Z6187,iwt751.xml
22SZ446,iwt752.xml
6B88935,iwt753.xml
22B3880,iwt754.xml
6B34859,iwt755.xml
44B7618,iwt756.xml
88B1103,iwt757.xml
77B8851,iwt758.xml
1B22774,iwt759.xml
8B46851,iwt76.xml
4BZP680,iwt760.xml
01BA837,iwt761.xml
BZP6480,iwt762.xml
005J427,iwt763.xml
7B65558,iwt764.xml
99B1420,iwt765.xml
08B6552,iwt766.xml
5B33844,iwt767.xml
4477B16,iwt768.xml
3B41980,iwt769.xml
6B45495,iwt77.xml
888B695,iwt770.xml
2AX4938,iwt771.xml
337B015,iwt772.xml
2AX4938,iwt773.xml
5B77739,iwt774.xml
77B3485,iwt775.xml
BZL3400,iwt776.xml
004B662,iwt777.xml
23B0993,iwt778.xml
8T77462,iwt779.xml
4B82840,iwt78.xml
2299T1,iwt780.xml
991B453,iwt781.xml
31B7002,iwt782.xml
88B4731,iwt783.xml
1BI2138,iwt784.xml
744B620,iwt785.xml
5B23615,iwt786.xml
2B76668,iwt787.xml
8B03365,iwt788.xml
51E9706,iwt789.xml
4M34462,iwt79.xml
111BB90,iwt790.xml
5B24456,iwt791.xml
99B2274,iwt792.xml
9B13772,iwt793.xml
2778B93,iwt794.xml
32B9725,iwt795.xml
77B6600,iwt796.xml
99B8777,iwt797.xml
2786,iwt798.xml
8B22290,iwt799.xml
4M26677,iwt80.xml
1B49951,iwt81.xml
FMR4437,iwt810.xml
3M46918,iwt811.xml
888B706,iwt812.xml
111BC59,iwt813.xml
1BC0552,iwt814.xml
233B790,iwt815.xml
93B8872,iwt816.xml
1BB8887,iwt817.xml
7B55942,iwt818.xml
244B209,iwt819.xml
8B91698,iwt82.xml
9B88117,iwt820.xml
7255B94,iwt821.xml
5B29670,iwt822.xml
077B215,iwt823.xml
4AT7962,iwt824.xml
7B08199,iwt825.xml
7B14156,iwt826.xml
05,iwt827.xml
55M6740,iwt828.xml
7B11456,iwt829.xml
1BC5138,iwt83.xml
9T33366,iwt830.xml
B8547,iwt831.xml
7B31505,iwt832.xml
DT612BC,iwt833.xml
7B33442,iwt834.xml
23330B7,iwt835.xml
71BD465,iwt836.xml
6B28800,iwt837.xml
3T16754,iwt838.xml
BMZ0815,iwt839.xml
8T44318,iwt84.xml
553B926,iwt840.xml
56B2341,iwt841.xml
7,iwt842.xml
8B10162,iwt843.xml
3B48296,iwt844.xml
2Z96418,iwt845.xml
2E73609,iwt846.xml
8B10732,iwt847.xml
2777EZB,iwt848.xml
9B42101,iwt849.xml
LL435JG,iwt85.xml
4B012,iwt850.xml
167,iwt851.xml
4B56639,iwt852.xml
977BB01,iwt853.xml
BZJ2099,iwt854.xml
99B4688,iwt855.xml
555H864,iwt856.xml
33AJ890,iwt857.xml
0BZ4966,iwt858.xml
B8211,iwt859.xml
8T32290,iwt86.xml
14B8327,iwt860.xml
111BI70,iwt861.xml
033B682,iwt862.xml
22B4570,iwt863.xml
6B84499,iwt864.xml
996B844,iwt865.xml
33B5677,iwt866.xml
8T52099,iwt867.xml
92AB586,iwt868.xml
664449B,iwt869.xml
6B48927,iwt87.xml
B44489,iwt870.xml
BZN1065,iwt871.xml
2AN1199,iwt872.xml
SI625BC,iwt873.xml
9B36205,iwt874.xml
9911B38,iwt875.xml
888B650,iwt876.xml
08B6885,iwt877.xml
59B1144,iwt878.xml
4BZ0052,iwt879.xml
B13AEB,iwt88.xml
BZI0346,iwt880.xml
33B0411,iwt881.xml
6B42888,iwt882.xml
8899B52,iwt883.xml
2B90178,iwt884.xml
89937B5,iwt885.xml
7B11123,iwt886.xml
9B65431,iwt89.xml
