plate_texts,file_name,types
61B161878,3xemay1152.xml,2
5554X167,4xemay1959.xml,2
53R50201,2xemay2333.xml,2
60C135331,3xemay954.xml,2
59S159484,6xemay240.xml,2
55P62004,2xemay2221.xml,2
51F15558,3CarLongPlate648.xml,3
72L21703,3xemay2012.xml,2
7,iwt842.xml,0
59X154497,7xemay1776.xml,2
51A89714,3CarLongPlate901.xml,3
974K10032,4xemay2174.xml,2
79K102061,3xemay977.xml,2
16P96204,5xemay1594.xml,2
ZG17844J,1PlateBaza499.xml,1
59L231395,6xemay407.xml,2
OAHCK190,3PlateBaza124.xml,1
59Z119632,8xemay937.xml,2
5B33844,iwt767.xml,0
7B08199,iwt825.xml,0
ZG902ZG,6PlateBaza271.xml,1
63B963040,5xemay662.xml,2
51F59881,3CarLongPlate661.xml,3
4B60620,iwt377.xml,0
59L205442,6xemay697.xml,2
54V81990,10xemay1329.xml,2
ZG2424B,3PlateBaza461.xml,1
51F20754,3CarLongPlate759.xml,3
77B1493,iwt7101.xml,0
71S39276,1xemay1500.xml,2
84G122593,5xemay2488.xml,2
ZG3305J,3PlateBaza329.xml,1
B999700,iwt3126.xml,0
54P48871,1xemay1541.xml,2
66L126685,1xemay1599.xml,2
59L102765,5xemay2320.xml,2
59C142818,5xemay2106.xml,2
KA365CP,1PlateBaza507.xml,1
59L205442,5xemay606.xml,2
59U172979,1xemay1249.xml,2
59V184031,3xemay1974.xml,2
59T103506,3xemay259.xml,2
7722K1546,2xemay519.xml,2
K11789956,4xemay2357.xml,2
54P72138,1xemay2375.xml,2
47R14301,3xemay511.xml,2
5353012P9,4xemay2025.xml,2
59S220617,2xemay326.xml,2
RI1201AR,3PlateBaza486.xml,1
111BB90,iwt790.xml,0
ZG8I024,5PlateBaza296.xml,1
1BI1710,iwt461.xml,0
60Y22445,5xemay1258.xml,2
51S84605,6xemay180.xml,2
51A01204,3CarLongPlate919.xml,3
54P24739,3xemay1475.xml,2
167,iwt851.xml,0
3377K416,2xemay517.xml,2
51G51332,3CarLongPlate646.xml,3
BZL3400,iwt376.xml,0
59L194176,2xemay2137.xml,2
77F113054,9xemay1963.xml,2
85D121869,2xemay124.xml,2
54F39952,1xemay1280.xml,2
7,iwt442.xml,0
8B47318,iwt383.xml,0
5599H1731,2xemay956.xml,2
59A308640,3xemay1488.xml,2
59L145900,2xemay2387.xml,2
3300BL4,iwt737.xml,0
72C112511,3xemay2229.xml,2
ZG4309AG,2PlateBaza239.xml,1
75240F15,5CarLongPlate302.xml,3
5B99527,iwt745.xml,0
74K15866,12xemay1142.xml,2
95V248800,4xemay2139.xml,2
4D523GZ,5PlateBaza219.xml,1
599334D11,4xemay2224.xml,2
1BC5138,iwt83.xml,0
55H6804,iwt3139.xml,0
52Y6490,4CarLongPlate312.xml,3
ZG394JU,3PlateBaza401.xml,1
650488T,iwt7112.xml,0
54P81515,1xemay831.xml,2
664449B,iwt869.xml,0
VU279AE,1PlateBaza487.xml,1
51F24403,3CarLongPlate471.xml,3
51F88270,3CarLongPlate681.xml,3
51A01204,3CarLongPlate920.xml,3
59U13868,9xemay1163.xml,2
54L39902,3xemay300.xml,2
559X24039,4xemay1961.xml,2
95B8820,iwt277.xml,0
5IF22261,6CarLongPlate11.xml,3
59L205442,5xemay2304.xml,2
54383B7,iwt7105.xml,0
331BB68,iwt254.xml,0
75F129830,3xemay1087.xml,2
KR531CC,1PlateBaza494.xml,1
4B10036,iwt62.xml,0
22B8899,iwt245.xml,0
ZG293P,3PlateBaza497.xml,1
51F98466,3CarLongPlate884.xml,3
44E0023,iwt264.xml,0
BBZ1229,iwt3123.xml,0
ZG877TF,2PlateBaza13.xml,1
76V63429,5xemay502.xml,2
59F175758,4CarLongPlate912.xml,3
T14628095,5xemay4.xml,2
5B57928,iwt344.xml,0
59T108264,7xemay2295.xml,2
41B7662,iwt59.xml,0
51G47281,3CarLongPlate604.xml,3
51FB4779,15xemay1863.xml,2
71B251318,3xemay417.xml,2
51G48154,3CarLongPlate986.xml,3
59F113220,11xemay1197.xml,2
59D231916,6CarLongPlate843.xml,3
033B682,iwt862.xml,0
54446619,4xemay2016.xml,2
71B289837,6xemay615.xml,2
59D165455,1xemay1421.xml,2
2875836,iwt398.xml,0
59P211206,6xemay648.xml,2
554639H10,2xemay1148.xml,2
59924L277,2xemay1903.xml,2
51G31691,4CarLongPlate313.xml,3
4AF9553,iwt348.xml,0
184B628,iwt7115.xml,0
2B90178,iwt884.xml,0
59P152934,2xemay2464.xml,2
72S14860,11CarLongPlate84.xml,3
1BA2905,iwt34.xml,0
55P62004,5xemay531.xml,2
51C59323,3CarLongPlate654.xml,3
8B10162,iwt843.xml,0
72C112511,3xemay2140.xml,2
52Y65446,5xemay1735.xml,2
LL435JG,iwt45.xml,0
5112T433,2xemay363.xml,2
59M103519,2xemay51.xml,2
59013E921,2xemay1877.xml,2
ZG5670I,1PlateBaza483.xml,1
48B128807,2xemay2204.xml,2
2Z96418,iwt845.xml,0
4477B1228,9xemay1813.xml,2
6V692437,4xemay2189.xml,2
55P56876,3xemay1937.xml,2
0G788P,3PlateBaza445.xml,1
59C162293,3xemay60.xml,2
44B8390,iwt514.xml,0
8B22920,iwt399.xml,0
51F49142,3CarLongPlate769.xml,3
66P19375,2xemay728.xml,2
9B78701,iwt453.xml,0
83P167560,3xemay1798.xml,2
79H57630,3xemay838.xml,2
7B57267,iwt661.xml,0
51A89714,6CarLongPlate270.xml,3
BVJ6114,iwt510.xml,0
59P166480,3xemay1740.xml,2
59L184759,8xemay1884.xml,2
59X110026,2xemay1888.xml,2
86B340430,3xemay1637.xml,2
63B957926,7xemay2018.xml,2
U19918550,2xemay1873.xml,2
2299T1,iwt780.xml,0
22B5539,iwt239.xml,0
78H117550,3xemay439.xml,2
59E125297,5xemay325.xml,2
51G25181,6CarLongPlate137.xml,3
59C161891,3xemay604.xml,2
6B88304,iwt263.xml,0
17C223346,4xemay1999.xml,2
0667B2532,4xemay2158.xml,2
59V188114,2xemay2095.xml,2
60U23465,3xemay111.xml,2
59H154986,5xemay1996.xml,2
83P213173,3xemay1305.xml,2
51F73420,6CarLongPlate501.xml,3
1G49524,4CarLongPlate357.xml,3
99B3327,iwt715.xml,0
0D1166695,4xemay2246.xml,2
59D149489,3xemay267.xml,2
59H152440,4xemay2460.xml,2
9S2645537,4xemay2211.xml,2
1BA0888,iwt655.xml,0
54L39902,3xemay1849.xml,2
GZ128VJ,5PlateBaza417.xml,1
59U135226,2xemay183.xml,2
ZG4240AC,2PlateBaza41.xml,1
5B08436,iwt637.xml,0
33B0411,iwt881.xml,0
ZG959JJ,3PlateBaza327.xml,1
1BB8887,iwt817.xml,0
6B45495,iwt77.xml,0
5599T1702,4xemay2311.xml,2
B666142,iwt3136.xml,0
59N138717,2xemay1698.xml,2
59N187957,9xemay1355.xml,2
6BH98AI,5PlateBaza192.xml,1
52F73840,13xemay920.xml,2
4G153630,5CarLongPlate282.xml,3
59H272061,3xemay348.xml,2
59C249200,1xemay740.xml,2
59L136261,3xemay525.xml,2
15F88220,5CarLongPlate548.xml,3
77B1160,iwt740.xml,0
H17665530,4xemay2361.xml,2
59103519M,3xemay311.xml,2
955C23130,4xemay2105.xml,2
62H57108,3xemay1001.xml,2
65F131532,7xemay2340.xml,2
J1111,2xemay1696.xml,2
9960B86,iwt7140.xml,0
59S116473,2xemay236.xml,2
79M125990,5xemay1680.xml,2
99B8777,iwt797.xml,0
51A01204,3CarLongPlate515.xml,3
8B71401,iwt620.xml,0
59C165331,2xemay2429.xml,2
8T43418,iwt44.xml,0
5SC65GZ,5PlateBaza467.xml,1
79N160529,6xemay382.xml,2
88B4731,iwt783.xml,0
51F15585,4CarLongPlate847.xml,3
51K28501,6xemay441.xml,2
ZG348CR,6PlateBaza263.xml,1
59H156390,6xemay224.xml,2
9580N1631,2xemay2028.xml,2
ZG354CU,2PlateBaza274.xml,1
59Y187304,1xemay2201.xml,2
59F114760,5xemay255.xml,2
5C99883,iwt628.xml,0
59K144076,9xemay1111.xml,2
113660C40,2xemay1878.xml,2
59X121394,3xemay1062.xml,2
0A842866,5CarLongPlate113.xml,3
977BB01,iwt853.xml,0
048H655,iwt7139.xml,0
5B11118,iwt16.xml,0
55P23999,2xemay1171.xml,2
59S227831,1xemay328.xml,2
63Y10200,6xemay118.xml,2
51S25013,1xemay2195.xml,2
60A21418,3CarLongPlate236.xml,3
47N69618,1xemay291.xml,2
5B29670,iwt422.xml,0
8B23170,iwt634.xml,0
59S220617,5xemay1993.xml,2
77L137372,1xemay1759.xml,2
59F168955,2xemay7.xml,2
B8121,iwt459.xml,0
660148855,2xemay1895.xml,2
15F07739,5CarLongPlate251.xml,3
6033323B7,2xemay2024.xml,2
59E134192,2xemay2164.xml,2
54L24624,3xemay46.xml,2
67M59687,5xemay969.xml,2
6B50043,iwt249.xml,0
ZG385SZ,2PlateBaza476.xml,1
59M197580,1xemay1364.xml,2
59E164141,5xemay295.xml,2
79Z118589,2xemay412.xml,2
51F22261,3CarLongPlate731.xml,3
59S228834,1xemay572.xml,2
3770H1189,2xemay1918.xml,2
59N169575,6xemay35.xml,2
59V243654,2xemay321.xml,2
G88LFB,2PlateBaza286.xml,1
62221L667,4xemay1972.xml,2
8B68508,iwt477.xml,0
99B4365,iwt656.xml,0
996B844,iwt865.xml,0
513J636,3PlateBaza176.xml,1
ZG9572J,2PlateBaza168.xml,1
59P211336,2xemay896.xml,2
777333C19,4xemay1939.xml,2
4AF9553,iwt638.xml,0
95T107229,2xemay1871.xml,2
51F21255,3CarLongPlate977.xml,3
9B11445,iwt478.xml,0
6C71390,iwt35.xml,0
59U157674,3xemay2242.xml,2
59T185717,5xemay1247.xml,2
59G186895,5xemay1547.xml,2
777F12842,3xemay1604.xml,2
59B133968,2xemay479.xml,2
6B34859,iwt355.xml,0
BRJ193,3PlateBaza297.xml,1
59T166153,3xemay2328.xml,2
KR401A,3PlateBaza409.xml,1
ZG5114E,3PlateBaza384.xml,1
0461CB1,iwt7114.xml,0
51K61392,2xemay2276.xml,2
16M90826,5xemay715.xml,2
51F76354,3CarLongPlate734.xml,3
2777EZB,iwt848.xml,0
PZ898A0,6PlateBaza285.xml,1
78E124113,1xemay2285.xml,2
59P220770,1xemay1243.xml,2
51F16159,3CarLongPlate751.xml,3
FMR4437,iwt810.xml,0
52P50334,6xemay99.xml,2
1B49951,iwt81.xml,0
61A30001,6CarLongPlate740.xml,3
44X38915,4xemay2236.xml,2
8T32290,iwt46.xml,0
99K140650,5xemay140.xml,2
9B66440,iwt669.xml,0
51F07973,4CarLongPlate319.xml,3
553B926,iwt840.xml,0
ZG969LN,2PlateBaza396.xml,1
37H107918,6xemay18.xml,2
51G51936,3CarLongPlate747.xml,3
95528H150,4xemay2327.xml,2
77Y31694,2xemay649.xml,2
077B215,iwt823.xml,0
44B9961,iwt3107.xml,0
5111R362,2xemay1563.xml,2
KZ422S,2PlateBaza135.xml,1
22B4570,iwt863.xml,0
59S218049,11xemay308.xml,2
9B68833,iwt727.xml,0
51F59881,3CarLongPlate503.xml,3
ZG120JL,3PlateBaza441.xml,1
SI610AK,3PlateBaza472.xml,1
61A22959,3CarLongPlate936.xml,3
11E059983,4xemay2256.xml,2
51K21103,1xemay1196.xml,2
4B42616,iwt7117.xml,0
86B312944,4xemay2472.xml,2
59T103617,3xemay1333.xml,2
4B56396,iwt452.xml,0
51B21666,3CarLongPlate621.xml,3
444L10569,10xemay921.xml,2
51A69172,3CarLongPlate593.xml,3
59T188808,6xemay58.xml,2
59S195382,5xemay583.xml,2
59X267951,3xemay1065.xml,2
9331162P5,4xemay1991.xml,2
ZG1665AE,3PlateBaza181.xml,1
ST317KJ,2PlateBaza501.xml,1
59C131162,3xemay2176.xml,2
15F63034,5CarLongPlate827.xml,3
59T128966,6xemay425.xml,2
51F78904,4CarLongPlate973.xml,3
59D167393,1xemay1094.xml,2
59F113860,2xemay19.xml,2
59V218744,9xemay1489.xml,2
9T33366,iwt430.xml,0
59P183257,2xemay144.xml,2
59H10571,3xemay2296.xml,2
54V38314,1xemay2434.xml,2
5C5,iwt27.xml,0
71H19657,6xemay496.xml,2
63B436920,3xemay1315.xml,2
607P1495,4xemay2124.xml,2
0F156948,5CarLongPlate432.xml,3
1BB9110,iwt390.xml,0
BMJB286,5PlateBaza449.xml,1
600B68223,4xemay1944.xml,2
880B60779,4xemay1955.xml,2
94H41831,7xemay2484.xml,2
59U184366,3xemay864.xml,2
5993S1874,2xemay631.xml,2
7B91102,iwt613.xml,0
60B33534,5xemay1957.xml,2
95T145661,2xemay1942.xml,2
79N209854,3xemay1122.xml,2
22029F15,5CarLongPlate553.xml,3
3B09932,iwt378.xml,0
59H135460,5xemay851.xml,2
71B289897,3xemay2314.xml,2
54P28057,3xemay806.xml,2
67F111317,5xemay1971.xml,2
59N100569,3xemay1055.xml,2
60X94808,6xemay540.xml,2
3K22997,iwt3106.xml,0
51L66448,2xemay960.xml,2
33088B5,iwt742.xml,0
51F63304,3CarLongPlate932.xml,3
54R11147,3xemay1067.xml,2
71B158070,6xemay185.xml,2
1111BA4,iwt726.xml,0
7B65558,iwt764.xml,0
54Z87524,6xemay54.xml,2
59H119374,2xemay2376.xml,2
42750F15,5CarLongPlate943.xml,3
59U159175,6xemay686.xml,2
51F69545,4CarLongPlate647.xml,3
47L109977,3xemay1310.xml,2
5224C0099,4xemay2455.xml,2
8T52099,iwt467.xml,0
7B33442,iwt834.xml,0
8T77462,iwt379.xml,0
1B27247,iwt359.xml,0
51A05227,3CarLongPlate810.xml,3
6B51255,iwt25.xml,0
51G37307,6CarLongPlate978.xml,3
855378S1,2xemay341.xml,2
883077B,iwt3125.xml,0
53R88556,3xemay448.xml,2
77B3485,iwt775.xml,0
29D163516,10xemay1560.xml,2
51F13251,3CarLongPlate872.xml,3
518S2244,2xemay642.xml,2
64K47483,6xemay535.xml,2
71B251318,7xemay2094.xml,2
4AT7962,iwt824.xml,0
1B22774,iwt759.xml,0
MA356M,6PlateBaza121.xml,1
BJ818CN,2PlateBaza116.xml,1
54H35581,5xemay959.xml,2
6B03119,iwt3109.xml,0
78E124113,6xemay589.xml,2
15F24403,5CarLongPlate807.xml,3
9B30034,iwt330.xml,0
8B70688,iwt412.xml,0
59T159973,7xemay2186.xml,2
4445F1970,4xemay2005.xml,2
59F111299,3xemay1213.xml,2
60B337846,8xemay2439.xml,2
9B43104,iwt31.xml,0
59F166854,12xemay1034.xml,2
51G20536,4CarLongPlate971.xml,3
5998H1346,2xemay400.xml,2
60LD00584,4CarLongPlate796.xml,3
51F59011,8CarLongPlate733.xml,3
4613L965,4xemay2454.xml,2
54AC710,iwt3113.xml,0
7255B94,iwt821.xml,0
A6806642,5CarLongPlate859.xml,3
9P2533342,4xemay2422.xml,2
5999C1136,12xemay424.xml,2
1B88551,iwt670.xml,0
ZG094MM,2PlateBaza361.xml,1
59Y160811,5xemay314.xml,2
448Z2755,4xemay2240.xml,2
7B14095,iwt73.xml,0
54Z32177,3xemay1318.xml,2
147136Y95,4xemay2388.xml,2
52M90589,1xemay1649.xml,2
2B65550,iwt629.xml,0
51A75932,6CarLongPlate899.xml,3
51F44614,8CarLongPlate709.xml,3
6B68384,iwt641.xml,0
AASH938,2PlateBaza284.xml,1
51G31691,6CarLongPlate3.xml,3
4B20773,iwt221.xml,0
95AA00839,5xemay133.xml,2
9B84391,iwt235.xml,0
59H119374,3xemay671.xml,2
50LD04411,3CarLongPlate331.xml,3
3B22259,iwt7129.xml,0
51A05227,3CarLongPlate417.xml,3
59F175291,6xemay208.xml,2
2B97325,iwt395.xml,0
3SA6413,iwt347.xml,0
555H864,iwt856.xml,0
2SZ4642,iwt352.xml,0
59F118814,3xemay637.xml,2
51A65474,4CarLongPlate112.xml,3
5B97425,iwt418.xml,0
95S342288,4xemay2266.xml,2
60T77586,3xemay1112.xml,2
59E168973,1xemay327.xml,2
59X277399,6xemay440.xml,2
51F15558,4CarLongPlate477.xml,3
03AI851,iwt230.xml,0
84K34900,3xemay65.xml,2
64R22733,4xemay2360.xml,2
95E111446,4xemay1958.xml,2
7227F0411,2xemay248.xml,2
59K113099,2xemay2397.xml,2
59V224614,1xemay1454.xml,2
4AX9660,iwt318.xml,0
171NVX75,3PlateBaza0.xml,1
52U44702,5xemay1940.xml,2
99B117453,4xemay2074.xml,2
72C170989,3xemay829.xml,2
DU190CE,4PlateBaza113.xml,1
BK8559,2PlateBaza279.xml,1
559U17206,2xemay562.xml,2
51F02687,6CarLongPlate743.xml,3
51G443131,6CarLongPlate22.xml,3
44E0023,iwt664.xml,0
9B83305,iwt746.xml,0
59S159559,5xemay1232.xml,2
51F07973,6CarLongPlate668.xml,3
8964S65,5CarLongPlate767.xml,3
59V177832,5xemay1697.xml,2
BZI0346,iwt880.xml,0
59K122323,3xemay1052.xml,2
54S14959,3xemay361.xml,2
59P224979,2xemay2130.xml,2
ZG568TM,2PlateBaza478.xml,1
B11182680,4xemay2233.xml,2
1BC5138,iwt43.xml,0
51F15585,3CarLongPlate729.xml,3
52399E146,2xemay1789.xml,2
ZG9952P,3PlateBaza214.xml,1
51F91341,3xemay875.xml,2
ZG1778B,2PlateBaza289.xml,1
59C130923,1xemay677.xml,2
59M140172,2xemay1933.xml,2
54P11782,3xemay1178.xml,2
56N7186,4CarLongPlate507.xml,3
55P85535,3xemay1733.xml,2
51F79512,3CarLongPlate401.xml,3
GZ04214,3PlateBaza391.xml,1
9973E1856,2xemay1994.xml,2
59T146101,6xemay624.xml,2
55X86970,9xemay1020.xml,2
95E114731,2xemay1985.xml,2
48A05177,6CarLongPlate776.xml,3
59P214706,5xemay1200.xml,2
3B95265,iwt440.xml,0
G00015,5PlateBaza352.xml,1
77L100895,3xemay725.xml,2
BZ04966,iwt458.xml,0
7F153420,5CarLongPlate201.xml,3
51G51332,6CarLongPlate288.xml,3
59U145781,1xemay399.xml,2
11J2483,iwt623.xml,0
ZG7900D,3PlateBaza439.xml,1
51F84779,6xemay20.xml,2
53Z11759,6xemay680.xml,2
59S231606,1xemay1360.xml,2
A2299516,5CarLongPlate578.xml,3
77C139373,2xemay2060.xml,2
59X281467,5xemay253.xml,2
25F68734,2xemay2022.xml,2
59C168612,9xemay67.xml,2
59P133163,3xemay849.xml,2
ZG256FZ,3PlateBaza503.xml,1
5441P128,2xemay2009.xml,2
67H103655,6xemay658.xml,2
54U54316,3xemay1041.xml,2
37H110401,8xemay1160.xml,2
4455N906,4xemay2322.xml,2
72F120741,6xemay316.xml,2
59S168287,5xemay367.xml,2
5593611P2,2xemay1201.xml,2
51F61712,3CarLongPlate253.xml,3
51G10209,3CarLongPlate692.xml,3
55F114927,10xemay2052.xml,2
77111B994,11xemay1003.xml,2
5B28893,iwt119.xml,0
777711B25,4xemay2101.xml,2
888B706,iwt812.xml,0
7B14095,iwt3131.xml,0
44559S1,4xemay2032.xml,2
59C289012,2xemay1764.xml,2
7B91102,iwt213.xml,0
55B2667,iwt7137.xml,0
59P211120,1xemay544.xml,2
51F22029,3CarLongPlate554.xml,3
43G113684,5xemay1538.xml,2
477D11186,2xemay1100.xml,2
59C153993,2xemay2272.xml,2
332B66351,4xemay2399.xml,2
51G51332,3CarLongPlate852.xml,3
0LD04411,5CarLongPlate518.xml,3
59M188841,3xemay1209.xml,2
51F63034,3CarLongPlate684.xml,3
599F16413,2xemay2013.xml,2
5599E1428,12xemay1605.xml,2
4M98861,iwt616.xml,0
59H154986,6xemay10.xml,2
51F59881,3CarLongPlate565.xml,3
51A85325,3CarLongPlate633.xml,3
54H15326,8xemay2245.xml,2
49B145348,5xemay1590.xml,2
61A22959,3CarLongPlate689.xml,3
5B29773,iwt517.xml,0
60C123774,1xemay383.xml,2
1339B00,iwt725.xml,0
59L189475,9xemay820.xml,2
59Y171364,3xemay828.xml,2
78N25203,3xemay1269.xml,2
93B117085,5xemay1317.xml,2
8877B30,iwt7125.xml,0
51A85325,3CarLongPlate635.xml,3
59C227415,3xemay843.xml,2
59L178582,3xemay1155.xml,2
59H154986,1xemay1752.xml,2
9923C1503,4xemay2382.xml,2
M14590567,4xemay2084.xml,2
7255B98,iwt744.xml,0
G47281,4CarLongPlate525.xml,3
9333BMZ,iwt7122.xml,0
72F135507,1xemay537.xml,2
63B132004,2xemay2232.xml,2
59X291011,3xemay1376.xml,2
51F04877,3CarLongPlate858.xml,3
51G37307,3CarLongPlate531.xml,3
69AB02673,8xemay696.xml,2
117296A5,5CarLongPlate829.xml,3
29C120902,3xemay1956.xml,2
51F61712,3CarLongPlate678.xml,3
59L136261,3xemay2214.xml,2
59S216555,12xemay95.xml,2
61C106403,6xemay243.xml,2
51A89714,6CarLongPlate272.xml,3
51G29034,9CarLongPlate132.xml,3
51F31118,3CarLongPlate328.xml,3
555B031,iwt711.xml,0
4477B16,iwt768.xml,0
59F145842,8xemay462.xml,2
59P189267,2xemay2114.xml,2
7B73485,iwt375.xml,0
ZG912CK,3PlateBaza491.xml,1
59P152639,5xemay625.xml,2
2B77368,iwt7135.xml,0
48A05177,4CarLongPlate723.xml,3
68H74213,7xemay2273.xml,2
ZG687NL,2PlateBaza320.xml,1
62K117929,8xemay2336.xml,2
79U24621,5xemay597.xml,2
86H79591,6xemay360.xml,2
51A96141,3CarLongPlate705.xml,3
59B122119,9xemay629.xml,2
51F04275,3CarLongPlate300.xml,3
59P220947,3xemay1799.xml,2
99B847,iwt647.xml,0
ZG715FB,6PlateBaza334.xml,1
4AT7962,iwt424.xml,0
5Z40118,iwt57.xml,0
1BD0679,iwt276.xml,0
5999P1378,2xemay1969.xml,2
753400Z7,4xemay2371.xml,2
VZ539AP,2PlateBaza247.xml,1
54K48147,6xemay577.xml,2
66D080322,4xemay2036.xml,2
14B8327,iwt860.xml,0
5H491706,4xemay2088.xml,2
59V208341,6xemay655.xml,2
90667B5,iwt7130.xml,0
51G47340,4CarLongPlate787.xml,3
51F24476,6CarLongPlate506.xml,3
62V16814,3xemay2251.xml,2
5B77739,iwt774.xml,0
7B14439,iwt615.xml,0
2B13579,iwt236.xml,0
59L194176,6xemay456.xml,2
92H142107,5xemay1592.xml,2
B13AEB,iwt88.xml,0
51F15558,3CarLongPlate649.xml,3
51F02687,8CarLongPlate608.xml,3
59H141296,3xemay1607.xml,2
599L17763,13xemay155.xml,2
51A77529,6CarLongPlate543.xml,3
ZG624K,2PlateBaza252.xml,1
59C168612,5xemay2384.xml,2
62H136169,6xemay364.xml,2
51F24403,3CarLongPlate841.xml,3
93P106312,8xemay265.xml,2
59S208338,5xemay1321.xml,2
59E153127,5xemay656.xml,2
59K122599,3xemay898.xml,2
59T162133,3xemay1511.xml,2
51D10039,4CarLongPlate697.xml,3
68K49407,3xemay1570.xml,2
59X20354,9xemay298.xml,2
51A01204,4CarLongPlate245.xml,3
59E156347,2xemay2267.xml,2
72L63974,3xemay460.xml,2
244B209,iwt819.xml,0
51A05227,3CarLongPlate360.xml,3
702L8356,4xemay2059.xml,2
51F24403,4CarLongPlate278.xml,3
51F88270,3CarLongPlate441.xml,3
55X20001,3xemay1582.xml,2
51F61712,4CarLongPlate680.xml,3
317J939,2PlateBaza318.xml,1
8B69588,iwt370.xml,0
991185E32,4xemay2252.xml,2
7B46204,iwt385.xml,0
60B236611,12xemay601.xml,2
5599S1823,4xemay2278.xml,2
59E117936,2xemay2354.xml,2
59A308642,9xemay1427.xml,2
59P124497,5xemay802.xml,2
51A02923,6CarLongPlate202.xml,3
0004B73,iwt741.xml,0
20S38577,4xemay2209.xml,2
60B104034,3xemay1018.xml,2
51F27809,3CarLongPlate998.xml,3
59E153127,5xemay733.xml,2
59V204212,5xemay1048.xml,2
55V14877,4xemay1975.xml,2
1GS00S0,5PlateBaza333.xml,1
5547L2911,2xemay1432.xml,2
51L34827,6xemay569.xml,2
79T26658,10xemay187.xml,2
60P71246,2xemay385.xml,2
59D200428,6xemay463.xml,2
SI569AD,2PlateBaza104.xml,1
54V25804,3xemay78.xml,2
9B65431,iwt89.xml,0
95F111167,5xemay26.xml,2
59P163138,3xemay241.xml,2
52F64378,6xemay352.xml,2
55997711U,2xemay279.xml,2
59V258100,2xemay410.xml,2
60B562583,8xemay498.xml,2
59S271437,2xemay447.xml,2
773194,iwt3101.xml,0
59P224376,4xemay2458.xml,2
59S235205,1xemay1766.xml,2
65F131532,1xemay2478.xml,2
50LD04411,6CarLongPlate762.xml,3
54F30096,5xemay2445.xml,2
51G51332,3CarLongPlate475.xml,3
5B28893,iwt519.xml,0
ZG1929AH,3PlateBaza349.xml,1
005J427,iwt763.xml,0
59X120443,2xemay924.xml,2
59C156086,3xemay1730.xml,2
59C148275,6xemay433.xml,2
6000B8115,11xemay137.xml,2
59H154289,2xemay2282.xml,2
9B52145,iwt10.xml,0
9333BMZ,iwt3122.xml,0
51F07973,3CarLongPlate675.xml,3
54T52159,1xemay1366.xml,2
59P115042,1xemay2268.xml,2
95DB01179,6xemay375.xml,2
22H51198,3xemay1106.xml,2
55511H78,2xemay1800.xml,2
449916B,iwt7107.xml,0
59K164227,6xemay575.xml,2
51A01204,3CarLongPlate623.xml,3
59C105899,3xemay1934.xml,2
59TA00329,10xemay1596.xml,2
47B1157,iwt242.xml,0
55999T173,12xemay526.xml,2
78E124113,9xemay1351.xml,2
59V183357,5xemay1754.xml,2
63Y10200,8xemay101.xml,2
1TA5882,iwt214.xml,0
86B621890,6xemay640.xml,2
544552S8,2xemay972.xml,2
ZG3227N,2PlateBaza128.xml,1
51A60216,6CarLongPlate702.xml,3
59F132246,3xemay814.xml,2
59F164516,3xemay2254.xml,2
85F100417,3xemay2085.xml,2
1B94686,iwt113.xml,0
62K109571,5xemay1487.xml,2
51A77529,3CarLongPlate350.xml,3
95S143881,4xemay2413.xml,2
ZBB1922,iwt7123.xml,0
59P231316,3xemay260.xml,2
54N95449,9xemay1359.xml,2
60B157122,6xemay84.xml,2
1147895A,5CarLongPlate271.xml,3
5599T1008,13xemay1722.xml,2
ZG8941N,6PlateBaza269.xml,1
9B30130,iwt325.xml,0
29A51796,3CarLongPlate907.xml,3
51E9706,iwt789.xml,0
59K184015,1xemay1147.xml,2
77B5830,iwt652.xml,0
38Z10084,5xemay2023.xml,2
56N7186,3CarLongPlate391.xml,3
93F117078,5xemay1002.xml,2
59T118362,5xemay2309.xml,2
59F123865,3xemay396.xml,2
44B5996,iwt251.xml,0
59S228008,2xemay1786.xml,2
51F55827,3CarLongPlate682.xml,3
54S89169,9xemay256.xml,2
59S131386,5xemay1788.xml,2
77B8820,iwt3138.xml,0
66N110547,1xemay1289.xml,2
79C122177,6xemay641.xml,2
IM660P,2PlateBaza287.xml,1
54S14959,3xemay371.xml,2
59E164239,2xemay142.xml,2
81H12204,6xemay684.xml,2
5Z15507,iwt712.xml,0
66044X82,3xemay24.xml,2
555S94227,2xemay1348.xml,2
51F06532,6CarLongPlate405.xml,3
59T184807,6xemay481.xml,2
60LD4379,3CarLongPlate902.xml,3
51F24476,4CarLongPlate505.xml,3
BMZ0815,iwt839.xml,0
62H27327,6xemay69.xml,2
5997S1436,2xemay1638.xml,2
44B5996,iwt651.xml,0
71H19657,5xemay2181.xml,2
5511U9977,2xemay1941.xml,2
59M146204,1xemay1035.xml,2
9441K0265,4xemay2126.xml,2
A1158974,5CarLongPlate273.xml,3
59C256237,5xemay1535.xml,2
51L34827,3xemay2263.xml,2
555B776,iwt225.xml,0
65H90714,3xemay411.xml,2
83C117111,1xemay718.xml,2
544L9876,12xemay414.xml,2
6B84994,iwt465.xml,0
55613049L,4xemay2483.xml,2
48B128807,6xemay516.xml,2
59V200884,6xemay503.xml,2
66H60786,5xemay852.xml,2
ZG483ZM,3PlateBaza194.xml,1
59S235205,3xemay132.xml,2
51A77529,4CarLongPlate130.xml,3
3B88729,iwt416.xml,0
73K2992,iwt7106.xml,0
79T26658,1xemay1838.xml,2
51F61712,4CarLongPlate927.xml,3
59S191667,5xemay1222.xml,2
61A30001,6CarLongPlate741.xml,3
59D185619,1xemay1635.xml,2
9G1177685,4xemay2122.xml,2
2AN1199,iwt872.xml,0
ZG9043B,6PlateBaza347.xml,1
59S201572,5xemay1235.xml,2
51F07973,6CarLongPlate536.xml,3
59B101554,3xemay1625.xml,2
54L53444,3xemay1589.xml,2
59S135252,5xemay533.xml,2
2573BB1,iwt7134.xml,0
54Y38211,6xemay287.xml,2
59E129660,6xemay623.xml,2
5B20377,iwt731.xml,0
RI580KC,3PlateBaza500.xml,1
51F49142,8CarLongPlate616.xml,3
62V16814,6xemay487.xml,2
51L33052,2xemay923.xml,2
55422719K,4xemay2269.xml,2
111B678,iwt720.xml,0
68T90223,6xemay466.xml,2
51A69172,3CarLongPlate450.xml,3
51F24403,3CarLongPlate641.xml,3
69C128588,3xemay744.xml,2
30E00090,3CarLongPlate825.xml,3
51F06948,3CarLongPlate666.xml,3
76633K49,2xemay1419.xml,2
ZG3083J,2PlateBaza266.xml,1
51F44614,3CarLongPlate950.xml,3
5B23615,iwt786.xml,0
59Y187304,3xemay513.xml,2
555999H16,12xemay179.xml,2
51A05227,3CarLongPlate494.xml,3
1J24813,iwt223.xml,0
51R56273,3xemay80.xml,2
4L110254,4xemay2241.xml,2
44B7618,iwt756.xml,0
59K120173,3xemay1309.xml,2
59T159973,3xemay499.xml,2
BZC4993,iwt253.xml,0
ZD448AK,3PlateBaza106.xml,1
53Y35614,5xemay868.xml,2
KR988AP,4PlateBaza153.xml,1
KAAC1689,2PlateBaza166.xml,1
59C13631,9xemay653.xml,2
90665B7,iwt3130.xml,0
BZL5568,iwt3103.xml,0
66600L34,4xemay2416.xml,2
86C133139,1xemay585.xml,2
59C113183,2xemay2166.xml,2
59C123083,8xemay881.xml,2
BZI0346,iwt480.xml,0
7B29430,iwt243.xml,0
47K29950,1xemay1453.xml,2
51G25181,4CarLongPlate768.xml,3
E10555094,4xemay2331.xml,2
1115B49,iwt267.xml,0
62L122767,3xemay307.xml,2
49K100732,12xemay484.xml,2
79K78987,5xemay406.xml,2
3B41980,iwt369.xml,0
11B770085,2xemay1836.xml,2
59K144380,12xemay638.xml,2
042K729,2PlateBaza186.xml,1
65U24787,3xemay1574.xml,2
51F59881,4CarLongPlate141.xml,3
GS592AC,6PlateBaza306.xml,1
6911A572,5CarLongPlate935.xml,3
51A69172,4CarLongPlate749.xml,3
25358A15,5CarLongPlate521.xml,3
54X45969,3xemay2485.xml,2
51F63034,9CarLongPlate790.xml,3
59F112329,8xemay1847.xml,2
76V63429,6xemay249.xml,2
61B136588,8xemay1558.xml,2
RI982JF,3PlateBaza112.xml,1
99B4688,iwt855.xml,0
87B1159,iwt232.xml,0
599N14067,2xemay616.xml,2
7B14095,iwt7131.xml,0
59T111692,3xemay1398.xml,2
51F27809,3CarLongPlate892.xml,3
88B1103,iwt757.xml,0
51F32488,4CarLongPlate20.xml,3
59U177792,3xemay483.xml,2
1BB8887,iwt417.xml,0
9B88363,iwt327.xml,0
59S174203,2xemay2290.xml,2
51F24403,3CarLongPlate591.xml,3
59P229729,5xemay207.xml,2
59H119374,2xemay146.xml,2
11F55380,5CarLongPlate865.xml,3
ZG636TT,2PlateBaza450.xml,1
64K104343,1xemay1709.xml,2
BZP2087,iwt627.xml,0
59T174443,3xemay1170.xml,2
11BC446,iwt624.xml,0
51A89714,3CarLongPlate461.xml,3
54L24264,6xemay70.xml,2
DA545AI,2PlateBaza101.xml,1
59C131162,3xemay1673.xml,2
84K51618,3xemay254.xml,2
59V107473,3xemay9.xml,2
01BA837,iwt761.xml,0
59N147102,2xemay2194.xml,2
ZNE2339,iwt69.xml,0
7001K6359,2xemay1271.xml,2
59M156378,2xemay2108.xml,2
54L36961,3xemay1019.xml,2
52U62655,9xemay720.xml,2
51G51332,8CarLongPlate597.xml,3
DU486AD,4PlateBaza134.xml,1
566P19893,2xemay1418.xml,2
86B319858,1xemay1768.xml,2
72L63974,5xemay2142.xml,2
48A05177,3CarLongPlate777.xml,3
50LD04411,4CarLongPlate218.xml,3
44146F15,5CarLongPlate175.xml,3
99115T22,2xemay1189.xml,2
68F55727,5xemay1774.xml,2
51F88270,6CarLongPlate552.xml,3
5H122933,12xemay1166.xml,2
7B40988,iwt665.xml,0
442067M7,2xemay1812.xml,2
64K47483,2xemay2225.xml,2
59S131386,5xemay141.xml,2
60B813705,3xemay1771.xml,2
4B22718,iwt3120.xml,0
991B453,iwt781.xml,0
7B76600,iwt396.xml,0
59X268327,1xemay2481.xml,2
8B77932,iwt394.xml,0
59S236623,5xemay117.xml,2
ZG911CK,1PlateBaza485.xml,1
59T105297,1xemay661.xml,2
59L181006,5xemay811.xml,2
51G37307,3CarLongPlate404.xml,3
51L34827,1xemay2248.xml,2
3345551A,5CarLongPlate929.xml,3
95X235569,4xemay2402.xml,2
49E115383,6xemay660.xml,2
777C12269,13xemay941.xml,2
51A01204,3CarLongPlate612.xml,3
59P186084,5xemay889.xml,2
688B214,iwt3115.xml,0
66K120670,2xemay2191.xml,2
59S153418,6xemay582.xml,2
72H58794,3xemay1114.xml,2
9558800E1,4xemay2037.xml,2
59C211894,6xemay203.xml,2
8,iwt231.xml,0
81B137963,9xemay1190.xml,2
59H152850,6xemay627.xml,2
95P26027,6xemay614.xml,2
51A77529,3CarLongPlate800.xml,3
51L73998,6xemay96.xml,2
63B216353,6xemay691.xml,2
5999C2001,10xemay330.xml,2
59X236167,6xemay607.xml,2
59E170535,3xemay688.xml,2
59U166141,5xemay182.xml,2
86A06844,3CarLongPlate544.xml,3
79M22094,5xemay1646.xml,2
12040A15,5CarLongPlate816.xml,3
ZG727LI,2PlateBaza336.xml,1
59N231428,3xemay1703.xml,2
6B45459,iwt37.xml,0
59999L214,10xemay1217.xml,2
98V220055,4xemay2107.xml,2
66S112239,1xemay1716.xml,2
599X22470,10xemay839.xml,2
59T192270,3xemay258.xml,2
54V39264,9xemay1362.xml,2
77X69544,9xemay1410.xml,2
59M148700,3xemay1327.xml,2
54T54498,3xemay1167.xml,2
30N45882,5xemay1745.xml,2
63H27326,1xemay509.xml,2
51Z30606,3xemay591.xml,2
59F111846,12xemay1506.xml,2
51A45974,6CarLongPlate285.xml,3
16L95425,3xemay1587.xml,2
59E108058,6xemay366.xml,2
2201P9533,2xemay1832.xml,2
59T108264,2xemay2184.xml,2
51F24403,3CarLongPlate642.xml,3
ZG41340,3PlateBaza474.xml,1
411287G5,5CarLongPlate23.xml,3
60B562583,2xemay2183.xml,2
0F225415,5CarLongPlate491.xml,3
51A89714,6CarLongPlate890.xml,3
51S25013,6xemay508.xml,2
08B6472,iwt258.xml,0
59S135252,1xemay2223.xml,2
51G51332,4CarLongPlate846.xml,3
85B102836,3xemay1496.xml,2
59X278848,3xemay471.xml,2
59E170535,3xemay2394.xml,2
59C113183,1xemay482.xml,2
59B113489,13xemay716.xml,2
59F168955,1xemay2468.xml,2
64C104262,1xemay1404.xml,2
59S246039,3xemay1559.xml,2
7B1215,iwt323.xml,0
55B143992,4xemay2072.xml,2
59U151771,8xemay2456.xml,2
51Z74335,10xemay1586.xml,2
66P15739,12xemay194.xml,2
152G181,5CarLongPlate766.xml,3
559F11208,13xemay156.xml,2
54P76117,1xemay785.xml,2
032A163,3PlateBaza105.xml,1
59F113860,9xemay1675.xml,2
67L106669,5xemay120.xml,2
9B29274,iwt392.xml,0
ZG1001DJ,3PlateBaza462.xml,1
0659X1523,4xemay2424.xml,2
BZN1065,iwt471.xml,0
51F06998,5CarLongPlate197.xml,3
51F59011,6CarLongPlate187.xml,3
59L191651,6xemay510.xml,2
33B5677,iwt866.xml,0
59S212978,3xemay1116.xml,2
59M107790,8xemay899.xml,2
99760N125,4xemay2055.xml,2
49B120807,2xemay2170.xml,2
ZG210EH,3PlateBaza468.xml,1
59L206377,5xemay1962.xml,2
59P224979,6xemay449.xml,2
59F108501,3xemay1281.xml,2
95T100836,4xemay2069.xml,2
59F138151,2xemay113.xml,2
78H102133,5xemay1022.xml,2
77H106830,3xemay940.xml,2
55P56876,3xemay276.xml,2
59P229729,1xemay1861.xml,2
51F20754,3CarLongPlate624.xml,3
62A05195,3CarLongPlate720.xml,3
72C112511,6xemay357.xml,2
59C132428,6xemay470.xml,2
5B11300,iwt274.xml,0
9911B38,iwt875.xml,0
G01177,4CarLongPlate781.xml,3
RI883FV,3PlateBaza149.xml,1
51A72110,4CarLongPlate583.xml,3
95533111S,4xemay1970.xml,2
1GZ06LU,5PlateBaza431.xml,1
RI994GE,3PlateBaza492.xml,1
589Z19781,4xemay2089.xml,2
999911553,4xemay2440.xml,2
72K108989,3xemay445.xml,2
VU253H,1PlateBaza508.xml,1
86X120012,4xemay2408.xml,2
93LD00103,8CarLongPlate547.xml,3
61H59381,8xemay626.xml,2
ZG505CE,1PlateBaza477.xml,1
2P250887,4xemay2415.xml,2
54S88080,8xemay1279.xml,2
56B2341,iwt841.xml,0
54L42110,6xemay549.xml,2
2B74289,iwt668.xml,0
86B608797,3xemay292.xml,2
944H1183,4xemay2473.xml,2
11997D80,4xemay2047.xml,2
51F63034,4CarLongPlate826.xml,3
51F61712,4CarLongPlate701.xml,3
59C25920,6xemay286.xml,2
51G25481,3CarLongPlate514.xml,3
59L178582,8xemay1978.xml,2
599X25718,11xemay1015.xml,2
51G00672,4CarLongPlate193.xml,3
59S153418,2xemay2277.xml,2
51F24403,6CarLongPlate376.xml,3
4M26677,iwt80.xml,0
ZG8524AF,2PlateBaza242.xml,1
51F88270,3CarLongPlate442.xml,3
59Y164831,12xemay488.xml,2
94H41831,3xemay83.xml,2
59U184900,1xemay1690.xml,2
51G21670,8CarLongPlate563.xml,3
59C153993,1xemay578.xml,2
54S85489,9xemay621.xml,2
51F59011,3CarLongPlate739.xml,3
55P44641,6xemay370.xml,2
51A96141,4CarLongPlate837.xml,3
81B126810,6xemay44.xml,2
22M5948,iwt7124.xml,0
51R30737,3xemay1386.xml,2
77B5830,iwt252.xml,0
6B03119,iwt7109.xml,0
1AT5882,iwt614.xml,0
B537011,6xemay485.xml,2
6B48882,iwt482.xml,0
59E165653,3xemay783.xml,2
62H27327,2xemay2407.xml,2
52U83666,12xemay1225.xml,2
CK425AB,2PlateBaza236.xml,1
868621890,2xemay2342.xml,2
50Z1630,3CarLongPlate283.xml,3
FMG547,6PlateBaza404.xml,1
6B84499,iwt864.xml,0
564499C18,4xemay2346.xml,2
1A85325,4CarLongPlate765.xml,3
54L39902,6xemay197.xml,2
0M64219,iwt310.xml,0
79H58812,3xemay1251.xml,2
86B341492,5xemay82.xml,2
55U160099,5CarLongPlate421.xml,3
71B111345,9xemay742.xml,2
2B38280,iwt354.xml,0
51F59011,4CarLongPlate913.xml,3
77C139373,6xemay555.xml,2
60A35981,4CarLongPlate962.xml,3
63B703323,8xemay354.xml,2
63HH1295,5xemay580.xml,2
93F124985,5xemay1388.xml,2
55559T100,4xemay2000.xml,2
H5122KK,5PlateBaza343.xml,1
9559F1096,4xemay2337.xml,2
59M136452,1xemay356.xml,2
59S232928,3xemay1234.xml,2
0582Y311,2xemay1949.xml,2
59H155556,3xemay1557.xml,2
54P72138,5xemay897.xml,2
51F88270,3CarLongPlate550.xml,3
51F59881,3CarLongPlate424.xml,3
7B10307,iwt611.xml,0
51A01204,4CarLongPlate428.xml,3
99522A16,5CarLongPlate75.xml,3
51A89714,6CarLongPlate699.xml,3
59N154667,2xemay546.xml,2
6651F984,3CarLongPlate885.xml,3
77F130541,6xemay29.xml,2
59C131162,5xemay491.xml,2
51A01204,4CarLongPlate364.xml,3
599P17180,2xemay1822.xml,2
51F06532,3CarLongPlate226.xml,3
95G101643,5xemay1904.xml,2
7B14156,iwt429.xml,0
95E117763,1xemay807.xml,2
50N112582,9xemay1626.xml,2
60B325220,6xemay515.xml,2
ZG415MA,3PlateBaza390.xml,1
59S221969,1xemay1045.xml,2
DU748BH,4PlateBaza23.xml,1
54T56168,6xemay213.xml,2
34AF955,iwt748.xml,0
99P274025,4xemay2015.xml,2
599236L11,4xemay2396.xml,2
77B8851,iwt758.xml,0
81B126810,1xemay542.xml,2
5222B39,iwt3129.xml,0
544Y9991,12xemay1648.xml,2
59X169592,10xemay1510.xml,2
72K108550,3xemay1141.xml,2
29A51796,3CarLongPlate855.xml,3
ZG7761M,3PlateBaza228.xml,1
ZG781LR,3PlateBaza358.xml,1
59S229969,3xemay834.xml,2
555S2230,2xemay1778.xml,2
5B11149,iwt667.xml,0
51F24403,6CarLongPlate472.xml,3
A9251796,5CarLongPlate706.xml,3
55511189P,2xemay329.xml,2
5593S4622,2xemay522.xml,2
51F02937,5CarLongPlate342.xml,3
59F156129,6xemay426.xml,2
HDL798,3PlateBaza211.xml,1
54F24106,9xemay1029.xml,2
69B132267,3xemay1523.xml,2
59H119374,5xemay1793.xml,2
8B03365,iwt788.xml,0
ZG5031AE,5PlateBaza298.xml,1
59U162231,9xemay1438.xml,2
53V48609,3xemay1264.xml,2
51G51332,4CarLongPlate727.xml,3
71B217757,2xemay2116.xml,2
85D105960,3xemay1283.xml,2
59N193305,3xemay1507.xml,2
688N11107,13xemay1343.xml,2
59U191897,7xemay1696.xml,2
59H154289,1xemay587.xml,2
54R47039,2xemay2222.xml,2
54S55036,6xemay199.xml,2
FMR4437,iwt410.xml,0
59S218904,7xemay1973.xml,2
51F59011,8CarLongPlate738.xml,3
7B94261,iwt266.xml,0
61111D970,2xemay401.xml,2
4AZ3802,iwt260.xml,0
79U24621,8xemay2293.xml,2
980448B,iwt212.xml,0
51X91894,1xemay2378.xml,2
59F136654,12xemay894.xml,2
4B82840,iwt38.xml,0
9T19202,iwt380.xml,0
2B17551,iwt217.xml,0
VK750AI,4PlateBaza132.xml,1
51F59011,3CarLongPlate488.xml,3
59G133671,6xemay165.xml,2
51R42488,1xemay1179.xml,2
59S227831,8xemay1995.xml,2
118942095,2xemay1857.xml,2
59T188808,2xemay2284.xml,2
8B90164,iwt15.xml,0
76G112000,3xemay226.xml,2
51B21666,3CarLongPlate619.xml,3
49K127144,3xemay1102.xml,2
43S63310,2xemay1569.xml,2
59M197372,3xemay1597.xml,2
9C1824235,4xemay2153.xml,2
59B120000,3xemay170.xml,2
70B132168,1xemay756.xml,2
54P72138,2xemay2228.xml,2
53Y97976,1xemay1943.xml,2
71S55600,1xemay2335.xml,2
888B650,iwt876.xml,0
4B84489,iwt470.xml,0
55M6740,iwt828.xml,0
59C221148,2xemay963.xml,2
61S40134,9xemay985.xml,2
59F113860,3xemay1852.xml,2
67E105420,6xemay590.xml,2
51L3D352,3xemay1417.xml,2
63F68411,10xemay1390.xml,2
VT769E,2PlateBaza454.xml,1
ZG162LC,6PlateBaza38.xml,1
BW678RX,3PlateBaza33.xml,1
47B142872,7xemay1850.xml,2
21G16570,5CarLongPlate419.xml,3
52F31770,3xemay1331.xml,2
51F31118,4CarLongPlate510.xml,3
51F20754,4CarLongPlate108.xml,3
59T153668,6xemay349.xml,2
59F123865,1xemay2070.xml,2
59N118063,1xemay358.xml,2
8B71140,iwt220.xml,0
59X255150,5xemay943.xml,2
9B98777,iwt397.xml,0
59B133872,7xemay1573.xml,2
6B28800,iwt437.xml,0
6000B32,iwt650.xml,0
WS771AE,5PlateBaza42.xml,1
52F41035,8xemay2411.xml,2
4B27433,iwt116.xml,0
33Z6187,iwt751.xml,0
009997B,iwt7126.xml,0
16M90826,2xemay2426.xml,2
54F45279,3xemay986.xml,2
36F42678,1xemay2449.xml,2
59L154063,2xemay92.xml,2
51L80104,3xemay2152.xml,2
60B555723,3xemay17.xml,2
9911H5077,4xemay1967.xml,2
93P106312,3xemay1925.xml,2
62A05772,6CarLongPlate353.xml,3
59C123968,3xemay237.xml,2
59V200884,6xemay458.xml,2
51A05227,3CarLongPlate418.xml,3
83P199696,5xemay1110.xml,2
9B13772,iwt393.xml,0
9B52145,iwt50.xml,0
ZG9158AK,2PlateBaza30.xml,1
62K117299,9xemay650.xml,2
59L211500,5xemay863.xml,2
60B111933,13xemay732.xml,2
60B736638,1xemay1983.xml,2
59B138559,5xemay734.xml,2
51L82105,6xemay266.xml,2
59T108264,6xemay5.xml,2
ZG495ZR,2PlateBaza490.xml,1
59S100685,3xemay1652.xml,2
51G48154,3CarLongPlate881.xml,3
0F117739,5CarLongPlate571.xml,3
71S35011,2xemay125.xml,2
59F147404,3xemay337.xml,2
51F59011,4CarLongPlate383.xml,3
77F79919,5xemay1040.xml,2
59S251095,4xemay2409.xml,2
59P230351,3xemay355.xml,2
59B123468,5xemay1396.xml,2
59B100002,7xemay1820.xml,2
BEW742,3PlateBaza125.xml,1
8B68508,iwt476.xml,0
59N187515,3xemay1845.xml,2
999B572,iwt272.xml,0
866C11072,12xemay1241.xml,2
2SE8601,iwt631.xml,0
66P15739,3xemay2442.xml,2
5B11149,iwt673.xml,0
ZG8901Z,3PlateBaza295.xml,1
595C14400,4xemay2306.xml,2
255B667,iwt3137.xml,0
51Y67665,6xemay369.xml,2
59H133046,5xemay1772.xml,2
54X95114,2xemay2068.xml,2
51G51936,3CarLongPlate975.xml,3
CK237V,3PlateBaza131.xml,1
59F138151,5xemay1747.xml,2
54L29072,2xemay2393.xml,2
76G111649,11xemay702.xml,2
51A69172,4CarLongPlate576.xml,3
3M46918,iwt411.xml,0
54T12473,6xemay618.xml,2
59S138731,3xemay431.xml,2
8886662,iwt3110.xml,0
7B00448,iwt240.xml,0
VU135F,3PlateBaza436.xml,1
ZG763VE,4PlateBaza31.xml,1
ZG593ZH,3PlateBaza253.xml,1
59L214999,1xemay907.xml,2
59U139619,7xemay1807.xml,2
51A96141,4CarLongPlate793.xml,3
ZG9130AG,2PlateBaza118.xml,1
7B11859,iwt632.xml,0
5554U269,2xemay1515.xml,2
86B624682,5xemay2065.xml,2
489T051,2PlateBaza126.xml,1
79N179117,3xemay570.xml,2
59V159716,6xemay402.xml,2
54Z12997,5xemay753.xml,2
8B26229,iwt332.xml,0
49M71975,2xemay2146.xml,2
52P28146,3xemay1665.xml,2
56,iwt427.xml,0
59V187754,5xemay309.xml,2
ZG855VT,3PlateBaza328.xml,1
71B239897,6xemay579.xml,2
2B76668,iwt787.xml,0
60X94808,2xemay2231.xml,2
BZP2087,iwt227.xml,0
9B88363,iwt321.xml,0
54V14819,3xemay1928.xml,2
60B206370,6xemay512.xml,2
600F91444,2xemay1837.xml,2
68X121002,3xemay698.xml,2
60A35981,3CarLongPlate698.xml,3
59V200884,3xemay192.xml,2
555E11100,2xemay870.xml,2
22116997K,4xemay2353.xml,2
ZG424RI,3PlateBaza363.xml,1
59C170773,5xemay1694.xml,2
3233B299,2xemay1445.xml,2
EDAL551,3PlateBaza21.xml,1
5444F078,13xemay1263.xml,2
60B531402,7xemay1874.xml,2
43D106544,3xemay557.xml,2
9B45193,iwt381.xml,0
59X296553,3xemay694.xml,2
ZG5800K,3PlateBaza335.xml,1
59F170424,3xemay2476.xml,2
59L227345,7xemay1664.xml,2
59X235479,6xemay455.xml,2
52L26661,12xemay106.xml,2
11BB885,iwt648.xml,0
54F23213,3xemay981.xml,2
59H197582,6xemay219.xml,2
B44489,iwt870.xml,0
67L106669,3xemay1765.xml,2
063111D39,4xemay2446.xml,2
1544F614,5CarLongPlate949.xml,3
59C245633,5xemay450.xml,2
86A06844,3CarLongPlate388.xml,3
59H160919,3xemay1372.xml,2
11BB885,iwt248.xml,0
8T52099,iwt867.xml,0
53S39152,5xemay996.xml,2
111BI70,iwt861.xml,0
ZG447DU,3PlateBaza481.xml,1
59X113287,12xemay1133.xml,2
78N22503,10xemay799.xml,2
56P19074,6xemay444.xml,2
51G39466,3CarLongPlate656.xml,3
81G113556,9xemay1012.xml,2
59F142819,5xemay804.xml,2
59H160077,6xemay529.xml,2
ZG2828AJ,3PlateBaza365.xml,1
8B41958,iwt350.xml,0
05,iwt827.xml,0
1BD0673,iwt23.xml,0
PU660BJ,3PlateBaza309.xml,1
59S232386,3xemay476.xml,2
59U127056,4xemay2255.xml,2
9B88117,iwt820.xml,0
63B963040,2xemay2366.xml,2
7B88517,iwt358.xml,0
51F07973,3CarLongPlate924.xml,3
60LD00584,3CarLongPlate795.xml,3
ZG155MC,2PlateBaza353.xml,1
63Y10200,7xemay1744.xml,2
ZG2808AA,3PlateBaza234.xml,1
8B46851,iwt36.xml,0
60Z77813,1xemay763.xml,2
117296A5,5CarLongPlate801.xml,3
51G01177,9CarLongPlate780.xml,3
2E73609,iwt446.xml,0
77B6665,iwt716.xml,0
59N174486,10xemay2157.xml,2
37M107918,1xemay1840.xml,2
51L41138,8xemay2466.xml,2
59X256462,9xemay384.xml,2
59U159897,9xemay1743.xml,2
5444K817,10xemay2271.xml,2
59F159997,1xemay1620.xml,2
1BI2138,iwt384.xml,0
59T192270,1xemay1917.xml,2
ZG995NN,3PlateBaza456.xml,1
59D120255,3xemay770.xml,2
51A72078,3CarLongPlate799.xml,3
60FP1469,1xemay1865.xml,2
59H133046,3xemay127.xml,2
444L2265,4xemay2151.xml,2
51P55478,13xemay523.xml,2
59P218900,2xemay2432.xml,2
5B06256,iwt328.xml,0
51L34663,2xemay2011.xml,2
DL484GZ,5PlateBaza267.xml,1
16H51839,4xemay2326.xml,2
011BC46,iwt3114.xml,0
67L133525,3xemay1695.xml,2
59C221098,3xemay119.xml,2
1B88551,iwt270.xml,0
599E11203,2xemay221.xml,2
ZG3202AM,2PlateBaza360.xml,1
59K18301,5xemay1561.xml,2
59D206428,2xemay2145.xml,2
59E150988,9xemay1577.xml,2
4T556681,2xemay1868.xml,2
52S22483,10xemay1470.xml,2
ZG636RG,6PlateBaza379.xml,1
SD268BZ,4PlateBaza137.xml,1
5B99527,iwt345.xml,0
2AX4938,iwt371.xml,0
59T101439,3xemay403.xml,2
59L154063,3xemay269.xml,2
59H146704,3xemay1855.xml,2
95570P63,2xemay1298.xml,2
77B6600,iwt796.xml,0
ZG848IK,2PlateBaza348.xml,1
59U125418,1xemay1809.xml,2
51A77529,4CarLongPlate542.xml,3
8B90164,iwt55.xml,0
70B115532,10xemay2192.xml,2
66667B109,2xemay1021.xml,2
5T1429977,2xemay1253.xml,2
51A01204,3CarLongPlate663.xml,3
ZH698703,2PlateBaza200.xml,1
51F63034,6CarLongPlate638.xml,3
59F126626,3xemay639.xml,2
ZD125AM,2PlateBaza171.xml,1
52M90589,5xemay1699.xml,2
59P117980,6xemay172.xml,2
5999F1162,12xemay737.xml,2
59H159324,6xemay548.xml,2
CK311BR,3PlateBaza130.xml,1
72F120741,6xemay191.xml,2
ZU178U,3PlateBaza300.xml,1
59V107473,7xemay2040.xml,2
59E153139,3xemay1180.xml,2
52Y35969,3xemay909.xml,2
7B31505,iwt832.xml,0
60B422155,3xemay1183.xml,2
54P83069,2xemay2420.xml,2
SGD3164,2PlateBaza34.xml,1
59H167791,3xemay2370.xml,2
59P133202,6xemay181.xml,2
59H146704,6xemay201.xml,2
5B11194,iwt273.xml,0
59E170762,3xemay1265.xml,2
70B113268,12xemay818.xml,2
9P5263311,2xemay1920.xml,2
15F59881,5CarLongPlate917.xml,3
88,iwt218.xml,0
51A72078,6CarLongPlate126.xml,3
59E113417,3xemay31.xml,2
59L118843,2xemay910.xml,2
8B91698,iwt82.xml,0
62A05516,3CarLongPlate500.xml,3
59L118044,3xemay1480.xml,2
30V3993,3CarLongPlate484.xml,3
ZG9807E,6PlateBaza213.xml,1
7B27254,iwt317.xml,0
60A35981,5CarLongPlate904.xml,3
29A51796,9CarLongPlate57.xml,3
4E02304,iwt30.xml,0
59P141818,5xemay2475.xml,2
57B9843,iwt271.xml,0
54S92073,2xemay1717.xml,2
5B97425,iwt421.xml,0
1555Z07,iwt312.xml,0
51R56273,5xemay2470.xml,2
59C130543,5xemay1584.xml,2
51F44614,3CarLongPlate710.xml,3
40374G15,5CarLongPlate220.xml,3
700055EA7,2xemay390.xml,2
51F20754,3CarLongPlate326.xml,3
59T156150,2xemay2238.xml,2
51F22209,5CarLongPlate237.xml,3
71H15518,3xemay665.xml,2
59D217148,3xemay1330.xml,2
B11188557,4xemay2033.xml,2
879697B,iwt111.xml,0
92L87156,3xemay1413.xml,2
69599U113,5xemay15.xml,2
54L42443,2xemay2443.xml,2
59X145128,2xemay2149.xml,2
3AI0851,iwt633.xml,0
6998H17,4xemay2031.xml,2
92D142705,13xemay571.xml,2
9B59972,iwt672.xml,0
KA570CD,6PlateBaza227.xml,1
66B7495,iwt626.xml,0
51A85325,8CarLongPlate397.xml,3
51A16598,6CarLongPlate205.xml,3
4M26776,iwt40.xml,0
59V245387,3xemay707.xml,2
0058223B6,2xemay1872.xml,2
7R110434,4xemay2199.xml,2
51F15585,4CarLongPlate380.xml,3
59C224663,12xemay873.xml,2
51L74255,5xemay2008.xml,2
51G11008,5CarLongPlate939.xml,3
52T76433,5xemay492.xml,2
53R88556,3xemay1711.xml,2
599M10028,13xemay1007.xml,2
51A60216,3CarLongPlate588.xml,3
51H48354,7xemay2097.xml,2
60B776143,3xemay168.xml,2
8B90164,iwt52.xml,0
ZG145BD,3PlateBaza451.xml,1
60LD00584,3CarLongPlate233.xml,3
51F06532,4CarLongPlate348.xml,3
59E153127,1xemay2359.xml,2
59D143391,6xemay534.xml,2
G1155332,5CarLongPlate287.xml,3
4B50118,iwt24.xml,0
7B08199,iwt425.xml,0
59U166141,3xemay1833.xml,2
59M160077,2xemay2219.xml,2
444Z207,iwt713.xml,0
51F82606,3CarLongPlate339.xml,3
54U39055,3xemay1401.xml,2
78811155B,4xemay1984.xml,2
4BZ0052,iwt879.xml,0
29C120902,3xemay293.xml,2
51F64619,3CarLongPlate399.xml,3
1115A964,5CarLongPlate173.xml,3
48A02866,3CarLongPlate468.xml,3
51G39466,4CarLongPlate570.xml,3
59E119283,6xemay559.xml,2
59E142530,3xemay692.xml,2
52U40005,12xemay1521.xml,2
1BC0525,iwt414.xml,0
ZD539CH,3PlateBaza25.xml,1
59P213159,1xemay1671.xml,2
51U74598,11xemay1498.xml,2
54T30255,6xemay230.xml,2
59S208418,1xemay1543.xml,2
777B229,iwt7121.xml,0
59V208347,2xemay2358.xml,2
59Y171364,3xemay771.xml,2
51F22261,3CarLongPlate730.xml,3
59Z127275,5xemay242.xml,2
51F59881,4CarLongPlate504.xml,3
MBVB939,5PlateBaza342.xml,1
59F107509,6xemay22.xml,2
51F07568,3CarLongPlate304.xml,3
60V77002,3xemay1546.xml,2
4B20773,iwt621.xml,0
ZG9267AD,5PlateBaza223.xml,1
8899B52,iwt883.xml,0
11555H22,4xemay2020.xml,2
332266H7,4xemay2197.xml,2
7B11607,iwt340.xml,0
59P133202,2xemay148.xml,2
17568B4,iwt3118.xml,0
59E158284,3xemay1323.xml,2
59F109031,6xemay588.xml,2
56P25963,5xemay576.xml,2
51F88270,3CarLongPlate414.xml,3
72K108989,2xemay2125.xml,2
54P72138,1xemay693.xml,2
3T16754,iwt838.xml,0
BVJ6411,iwt512.xml,0
59S131886,2xemay149.xml,2
88B6662,iwt3108.xml,0
6B88935,iwt753.xml,0
51K28501,6xemay664.xml,2
NG179AC,8PlateBaza499.xml,1
59S247061,5xemay1011.xml,2
59K165072,7xemay2045.xml,2
116702G5,5CarLongPlate590.xml,3
52F37485,9xemay759.xml,2
79Z116792,3xemay1139.xml,2
7B11125,iwt722.xml,0
59P141818,6xemay85.xml,2
63B304426,3xemay1406.xml,2
1E59706,iwt389.xml,0
1BA8370,iwt361.xml,0
59F182787,5xemay1493.xml,2
52S24832,1xemay761.xml,2
1F59188,5CarLongPlate243.xml,3
51F21255,3CarLongPlate868.xml,3
54R24924,3xemay600.xml,2
77B1030,iwt211.xml,0
51A65474,4CarLongPlate223.xml,3
51L38385,1xemay808.xml,2
30V3993,4CarLongPlate896.xml,3
7B94261,iwt666.xml,0
6B23451,iwt441.xml,0
60B816455,1xemay238.xml,2
51F61712,3CarLongPlate439.xml,3
ZG005DD,5PlateBaza217.xml,1
44B8390,iwt115.xml,0
51G49539,6CarLongPlate322.xml,3
59T105297,3xemay612.xml,2
7B98543,iwt671.xml,0
51L80104,3xemay469.xml,2
FGH1662,3PlateBaza237.xml,1
88L441130,2xemay1203.xml,2
59C232477,2xemay1585.xml,2
MB4071P,3PlateBaza362.xml,1
05338,iwt346.xml,0
ZG312VZ,6PlateBaza196.xml,1
631295H3,2xemay1516.xml,2
59L231318,3xemay945.xml,2
8B53308,iwt342.xml,0
ZG1036AG,3PlateBaza170.xml,1
71C236563,5xemay1444.xml,2
51F04275,3CarLongPlate748.xml,3
59P126989,1xemay1303.xml,2
33AJ890,iwt857.xml,0
52T56177,1xemay879.xml,2
54R30018,5xemay1030.xml,2
59H147751,3xemay975.xml,2
59C15610,3xemay98.xml,2
37ZG10AL,5PlateBaza427.xml,1
75K30899,1xemay1835.xml,2
5555609T1,4xemay2300.xml,2
49E139941,9xemay1159.xml,2
020G69,5PlateBaza180.xml,1
51A01204,3CarLongPlate664.xml,3
59L167824,13xemay1086.xml,2
ZG6983AG,2PlateBaza407.xml,1
54U57001,3xemay1856.xml,2
59777911H,4xemay2385.xml,2
1BA1114,iwt329.xml,0
4B76148,iwt356.xml,0
55Y19833,3xemay777.xml,2
50Z1630,3CarLongPlate284.xml,3
ZG9707K,2PlateBaza310.xml,1
3AJ8930,iwt457.xml,0
77L100895,5xemay2438.xml,2
72F120741,5xemay1843.xml,2
44472216B,2xemay599.xml,2
888B695,iwt770.xml,0
54V58964,6xemay214.xml,2
958S26332,4xemay2159.xml,2
C5B11118,iwt13.xml,0
51A77529,3CarLongPlate802.xml,3
60Y73914,7xemay1922.xml,2
59S159484,8xemay1898.xml,2
59T155500,6xemay332.xml,2
51F22029,3CarLongPlate355.xml,3
59L144716,1xemay506.xml,2
72C136087,8xemay189.xml,2
46U188821,4xemay2348.xml,2
B8547,iwt831.xml,0
59K165072,3xemay373.xml,2
63B957926,6xemay34.xml,2
59C201909,3xemay1175.xml,2
51A05227,4CarLongPlate655.xml,3
51G51936,3CarLongPlate746.xml,3
18B2370,iwt234.xml,0
55P80762,8xemay1220.xml,2
5T1510029,9xemay372.xml,2
59S216555,3xemay2486.xml,2
66G115723,5xemay2051.xml,2
63B957926,8xemay8.xml,2
ZGQ19FH,2PlateBaza473.xml,1
59L213938,6xemay472.xml,2
51P98308,1xemay793.xml,2
59F163186,3xemay1039.xml,2
59H154792,13xemay900.xml,2
51A96141,4CarLongPlate791.xml,3
59V107743,3xemay36.xml,2
59B131149,3xemay1858.xml,2
51A90905,3CarLongPlate773.xml,3
51Z30606,6xemay196.xml,2
89937B5,iwt885.xml,0
51G51332,6CarLongPlate954.xml,3
51F44461,11CarLongPlate587.xml,3
211B755,iwt617.xml,0
51H32153,1xemay1519.xml,2
9B13198,iwt475.xml,0
51A01204,4CarLongPlate430.xml,3
66L135224,8xemay1964.xml,2
511798D09,2xemay1932.xml,2
59H152576,5xemay1588.xml,2
51G49539,4CarLongPlate479.xml,3
55577B6,iwt625.xml,0
ZG773VE,3PlateBaza429.xml,1
59N176654,1xemay2237.xml,2
59D101978,2xemay2345.xml,2
8B02173,iwt610.xml,0
655H1170,4xemay2301.xml,2
59M190208,9xemay987.xml,2
2Z96418,iwt445.xml,0
59P211120,2xemay2235.xml,2
B537011,4xemay2169.xml,2
H40GZ63,5PlateBaza283.xml,1
66B7495,iwt226.xml,0
59C139780,5xemay274.xml,2
51G37307,3CarLongPlate256.xml,3
95F160138,5xemay11.xml,2
51F06532,3CarLongPlate539.xml,3
59E155040,9xemay630.xml,2
5B11118,iwt56.xml,0
51F64619,3CarLongPlate522.xml,3
51A69172,3CarLongPlate686.xml,3
995530H11,4xemay2207.xml,2
55X17546,2xemay2391.xml,2
59X149553,3xemay1349.xml,2
59K114468,2xemay392.xml,2
55BZL68,iwt7103.xml,0
51F77836,4CarLongPlate987.xml,3
51F68784,6CarLongPlate412.xml,3
59S131386,7xemay1760.xml,2
BZ00524,iwt479.xml,0
59K140650,1xemay1787.xml,2
5566671Y,2xemay2041.xml,2
52L26661,3xemay1749.xml,2
59S175715,3xemay1456.xml,2
60A35981,3CarLongPlate294.xml,3
4M34462,iwt79.xml,0
49E115383,8xemay752.xml,2
9B38368,iwt619.xml,0
59S114883,5xemay234.xml,2
3B41980,iwt769.xml,0
56S4698,6CarLongPlate64.xml,3
ZG216TK,2PlateBaza230.xml,1
51G51008,6CarLongPlate805.xml,3
7B11456,iwt829.xml,0
54Y99149,1xemay779.xml,2
70P15900,5xemay1261.xml,2
52Z67766,3xemay995.xml,2
68C137520,4CarLongPlate133.xml,3
KC000KK1,3PlateBaza338.xml,1
59S231606,3xemay857.xml,2
51A05227,3CarLongPlate241.xml,3
51G39466,3CarLongPlate248.xml,3
3T16754,iwt438.xml,0
59L206377,6xemay2.xml,2
51G10096,3CarLongPlate529.xml,3
ZG7029M,5PlateBaza270.xml,1
90021T155,4xemay2044.xml,2
4B82295,iwt3119.xml,0
51F88270,4CarLongPlate410.xml,3
1BA3428,iwt275.xml,0
VU3003VU,3PlateBaza406.xml,1
BVJ6411,iwt110.xml,0
99B2274,iwt792.xml,0
77B5285,iwt7128.xml,0
54S16312,3xemay2462.xml,2
2AX4938,iwt773.xml,0
60A35981,3CarLongPlate903.xml,3
51F15585,3CarLongPlate478.xml,3
7B11123,iwt486.xml,0
47K108279,3xemay1815.xml,2
62A05772,3CarLongPlate231.xml,3
59M160886,1xemay1276.xml,2
27B3416,iwt3111.xml,0
59N174939,2xemay2147.xml,2
59V122709,5xemay1187.xml,2
04K34900,4xemay2362.xml,2
59X278848,6xemay443.xml,2
59N174939,3xemay465.xml,2
4B50811,iwt64.xml,0
51A05227,3CarLongPlate240.xml,3
67E106661,3xemay1299.xml,2
51F35613,3CarLongPlate940.xml,3
2B90178,iwt484.xml,0
76H106161,3xemay1014.xml,2
59X256462,2xemay2057.xml,2
9B49365,iwt256.xml,0
7220F1147,2xemay1906.xml,2
59C230513,6xemay427.xml,2
15F06948,5CarLongPlate645.xml,3
51A60216,3CarLongPlate582.xml,3
111BC59,iwt813.xml,0
G22SKD,2PlateBaza256.xml,1
51F59011,4CarLongPlate911.xml,3
9B36205,iwt874.xml,0
8B81013,iwt357.xml,0
7B14156,iwt426.xml,0
54T34407,8xemay1103.xml,2
51F82606,4CarLongPlate34.xml,3
666P1597,12xemay404.xml,2
70SA0367,6xemay380.xml,2
51A89714,3CarLongPlate615.xml,3
004B662,iwt777.xml,0
59H143727,3xemay1368.xml,2
72L21703,6xemay343.xml,2
84K51618,1xemay1913.xml,2
59M197489,3xemay1227.xml,2
29A51796,3CarLongPlate707.xml,3
54L36961,8xemay739.xml,2
60FP1469,6xemay210.xml,2
08B6885,iwt877.xml,0
59M154192,5xemay1107.xml,2
59S141803,3xemay1461.xml,2
59L106458,5xemay1824.xml,2
47K108279,8xemay166.xml,2
22B0174,iwt18.xml,0
30N45882,3xemay102.xml,2
59S111289,6xemay310.xml,2
95P211206,5xemay2350.xml,2
5544463S,12xemay989.xml,2
ZG906IS,2PlateBaza280.xml,1
579P13388,2xemay850.xml,2
59F173270,3xemay1027.xml,2
5112T433,2xemay2034.xml,2
6B50034,iwt649.xml,0
9B84391,iwt635.xml,0
LJT731F,2PlateBaza249.xml,1
155V4449,4xemay2093.xml,2
3411099P7,4xemay2002.xml,2
7111345B1,4xemay2457.xml,2
68H74213,1xemay2218.xml,2
8B03653,iwt388.xml,0
6B94558,iwt51.xml,0
84G122593,1xemay2196.xml,2
59T161654,6xemay280.xml,2
ZG710KS,3PlateBaza460.xml,1
55H993610,2xemay1880.xml,2
59NZ43756,2xemay2312.xml,2
65S21319,6xemay41.xml,2
6B55512,iwt65.xml,0
51F15585,8CarLongPlate849.xml,3
33B6072,iwt719.xml,0
3B00482,iwt622.xml,0
52U44702,8xemay27.xml,2
51F07973,6CarLongPlate817.xml,3
ZG885PK,1PlateBaza480.xml,1
59F158405,6xemay595.xml,2
71BD465,iwt836.xml,0
5C1163999,4xemay2102.xml,2
49K107370,5xemay2168.xml,2
55S114883,8xemay1891.xml,2
51F22029,4CarLongPlate558.xml,3
47B142872,2xemay164.xml,2
4B46694,iwt469.xml,0
60B113994,2xemay971.xml,2
59X277399,5xemay2120.xml,2
8B22290,iwt799.xml,0
51F13251,8CarLongPlate871.xml,3
51F35613,4CarLongPlate835.xml,3
51F55881,9CarLongPlate814.xml,3
59Y192533,3xemay903.xml,2
72C112511,6xemay53.xml,2
7B14156,iwt826.xml,0
1B70230,iwt382.xml,0
RI545IC,2PlateBaza110.xml,1
BVJ6411,iwt112.xml,0
VU318AK,2PlateBaza155.xml,1
22B0174,iwt58.xml,0
51A05227,3CarLongPlate561.xml,3
59K199217,3xemay1708.xml,2
T11795644,4xemay2179.xml,2
6B48927,iwt47.xml,0
59L197457,3xemay2471.xml,2
ZG8557AA,2PlateBaza292.xml,1
2786,iwt798.xml,0
54X95114,5xemay394.xml,2
59E142530,2xemay2400.xml,2
51G47281,6CarLongPlate400.xml,3
70G113509,6xemay493.xml,2
60F110494,5xemay186.xml,2
G1549160,5CarLongPlate690.xml,3
29B110559,3xemay1565.xml,2
LL435JG,iwt85.xml,0
59S144895,3xemay1441.xml,2
59X262271,8xemay1391.xml,2
G13GC,3PlateBaza330.xml,1
ZG270JB,6PlateBaza505.xml,1
51A96141,6CarLongPlate948.xml,3
54X45569,9xemay94.xml,2
666957P1,4xemay2080.xml,2
CZ8B90164,iwt12.xml,0
6600B2283,13xemay282.xml,2
ZG679VF,3PlateBaza458.xml,1
51G39466,6CarLongPlate249.xml,3
2E6775,iwt7104.xml,0
59U145476,2xemay2061.xml,2
DJ94AAE,6PlateBaza189.xml,1
1BC0552,iwt814.xml,0
ZG4256AI,2PlateBaza203.xml,1
61A22959,6CarLongPlate867.xml,3
8B22266,iwt732.xml,0
2Z52689,iwt262.xml,0
9K1007320,4xemay2156.xml,2
7B66123,iwt644.xml,0
51G49539,3CarLongPlate490.xml,3
59C224729,6xemay264.xml,2
B886662,iwt7108.xml,0
51F59881,4CarLongPlate426.xml,3
1BC6703,iwt339.xml,0
54X41983,3xemay545.xml,2
71C232149,3xemay1070.xml,2
63V50914,5xemay1459.xml,2
54V14819,3xemay268.xml,2
59K190300,3xemay2185.xml,2
51H58092,3xemay727.xml,2
36F42678,3xemay735.xml,2
51A69172,3CarLongPlate262.xml,3
ZG264TJ,3PlateBaza162.xml,1
1111D9760,4xemay2077.xml,2
32B9725,iwt795.xml,0
82204H11,2xemay821.xml,2
59U178039,1xemay915.xml,2
66S109018,8xemay478.xml,2
59K190300,2xemay2162.xml,2
52711F994,2xemay1792.xml,2
83P106675,3xemay150.xml,2
ZG567EF,1PlateBaza493.xml,1
2778B93,iwt794.xml,0
51117B2,iwt723.xml,0
30E00009,3CarLongPlate930.xml,3
SK402CK,3PlateBaza339.xml,1
52T74640,8xemay1308.xml,2
1118Z9470,2xemay674.xml,2
59G185820,3xemay789.xml,2
59L232473,3xemay724.xml,2
59P125512,3xemay824.xml,2
51F75326,4CarLongPlate842.xml,3
54U51223,6xemay381.xml,2
59F129346,3xemay159.xml,2
82K37689,6xemay171.xml,2
59P201920,6xemay457.xml,2
59C259392,3xemay1684.xml,2
49L101241,5xemay878.xml,2
554R3987,2xemay1387.xml,2
75K30899,3xemay184.xml,2
BZC4939,iwt653.xml,0
59F147488,5xemay225.xml,2
ZG932UG,3PlateBaza205.xml,1
116660B23,4xemay2299.xml,2
72C111125,10xemay45.xml,2
55X17546,5xemay296.xml,2
59S254455,3xemay598.xml,2
86B227765,1xemay1322.xml,2
559T13806,10xemay593.xml,2
59T123977,3xemay1221.xml,2
ZG3209F,6PlateBaza413.xml,1
599X15447,12xemay130.xml,2
4B42029,iwt419.xml,0
59P166480,12xemay0.xml,2
60B337846,5xemay726.xml,2
51A96141,6CarLongPlate585.xml,3
DT612BC,iwt433.xml,0
51F15558,4CarLongPlate728.xml,3
49K139272,5xemay1215.xml,2
59P152934,3xemay75.xml,2
59L205442,2xemay2405.xml,2
4,iwt450.xml,0
52P39520,3xemay1405.xml,2
77H62229,3xemay678.xml,2
59T179742,1xemay452.xml,2
8B66512,iwt7133.xml,0
ZG160DU,6PlateBaza438.xml,1
79H120023,6xemay215.xml,2
59L160778,1xemay1681.xml,2
8B64702,iwt658.xml,0
51A96141,3CarLongPlate789.xml,3
99006B7,iwt7127.xml,0
59P232334,8xemay979.xml,2
9903205T1,4xemay2250.xml,2
66G115723,6xemay37.xml,2
BZE7277,iwt448.xml,0
59H153561,6xemay114.xml,2
59T164831,1xemay2172.xml,2
54V66004,9xemay129.xml,2
5557969N1,2xemay2029.xml,2
3B37902,iwt415.xml,0
59N173958,1xemay564.xml,2
77D112938,6xemay609.xml,2
51G10096,4CarLongPlate0.xml,3
6B8571000,2xemay1783.xml,2
60C232301,6xemay275.xml,2
59T122043,12xemay1326.xml,2
566B200,iwt257.xml,0
3B60372,iwt319.xml,0
5H1401729,4xemay2111.xml,2
99L123882,5xemay1347.xml,2
50LD04411,5CarLongPlate30.xml,3
59L138765,3xemay1131.xml,2
59M535611,8xemay1758.xml,2
59V109869,5xemay1422.xml,2
995497X25,4xemay2136.xml,2
51G29034,11CarLongPlate40.xml,3
888B391,iwt118.xml,0
95L106778,4xemay2480.xml,2
SK646CA,3PlateBaza496.xml,1
86988,3CarLongPlate448.xml,3
59U170392,2xemay66.xml,2
51V44579,2xemay2226.xml,2
51F44614,3CarLongPlate636.xml,3
5IA45974,6CarLongPlate286.xml,3
1117S305,2xemay1770.xml,2
51A72110,3CarLongPlate923.xml,3
59P194751,5xemay1173.xml,2
DL0044115,5CarLongPlate330.xml,3
51F59011,4CarLongPlate17.xml,3
59S110393,6xemay647.xml,2
67312R55,4xemay2173.xml,2
22B3880,iwt754.xml,0
51G37307,3CarLongPlate532.xml,3
59N118000,2xemay393.xml,2
52P5688,6CarLongPlate298.xml,3
49K138886,3xemay1434.xml,2
59P185700,3xemay950.xml,2
1F522209,5CarLongPlate555.xml,3
